IDfg,Season,Age,G,TBF
10954,2018,30,32,835
2036,2015,27,33,890
2036,2014,26,27,749
10603,2017,28,32,851
3137,2018,33,33,866
2429,2017,31,29,777
2429,2014,28,34,951
4153,2015,29,33,870
3184,2015,29,32,888
8700,2018,35,34,833
3137,2015,30,33,899
3137,2017,32,31,780
11530,2016,23,29,737
7450,2014,28,32,855
2036,2016,28,21,544
10603,2018,29,27,617
11762,2016,23,31,744
10131,2017,28,28,701
13125,2018,27,32,799
12703,2018,27,28,717
9323,2018,28,33,800
9434,2015,27,33,911
3137,2016,31,34,902
3137,2014,29,33,904
4772,2014,28,34,912
3184,2014,28,34,1009
15890,2017,23,31,783
10603,2015,26,31,854
2429,2015,29,32,886
2429,2018,32,33,842
16149,2018,25,33,831
15890,2018,24,32,780
6632,2017,30,32,798
4930,2014,30,32,885
8700,2016,33,34,903
4505,2014,28,32,800
1943,2015,31,32,843
10603,2016,27,32,907
4153,2014,28,25,614
6632,2018,31,32,784
2717,2016,27,33,890
13125,2015,24,32,832
6345,2015,26,34,868
10603,2014,25,26,685
2233,2014,32,32,898
6893,2016,30,32,881
5524,2015,25,32,869
2429,2016,30,32,860
1943,2017,33,32,801
10954,2015,27,30,751
11423,2016,27,32,837
4930,2015,31,32,828
11423,2014,25,32,830
6632,2015,28,30,730
10547,2017,28,29,728
13543,2018,25,31,700
15764,2016,27,31,805
1943,2014,30,32,821
10131,2014,25,34,868
4972,2015,31,32,880
16149,2017,24,27,693
6345,2017,28,34,852
4972,2014,30,30,829
6893,2014,28,34,961
3184,2016,30,35,951
11828,2017,28,24,552
3254,2014,29,33,879
2036,2017,29,27,679
9803,2018,29,32,808
5524,2016,26,34,912
9784,2014,26,26,678
11423,2015,26,32,862
4930,2016,32,32,796
12049,2016,26,31,745
12808,2018,27,32,810
11762,2018,25,25,644
10310,2018,28,29,744
16256,2018,25,33,844
8700,2017,34,33,849
10954,2017,29,31,827
15038,2018,23,33,817
6893,2015,29,32,866
10131,2016,27,24,598
14444,2014,27,26,631
11713,2015,26,29,755
11423,2017,28,32,790
7872,2015,28,33,823
12768,2015,25,31,831
11674,2018,26,32,785
4806,2016,36,20,439
7448,2017,31,32,827
10811,2018,26,31,744
3254,2017,32,32,847
225,2014,35,32,857
11828,2018,29,28,645
7448,2015,29,31,758
13074,2017,30,31,766
10197,2015,24,33,860
5524,2014,24,33,873
2520,2014,27,33,866
5372,2015,26,27,668
13218,2017,24,25,676
14916,2016,24,29,712
12572,2018,30,68,315
10954,2014,26,22,565
3542,2017,28,24,609
11828,2016,27,20,511
7531,2015,28,32,859
4153,2016,30,31,795
11490,2016,23,30,790
12768,2014,24,33,899
1507,2015,36,33,896
15467,2018,26,29,686
9434,2014,26,29,808
10131,2015,26,23,523
13074,2014,27,22,605
4776,2016,29,27,668
14862,2017,27,26,627
3200,2016,33,30,748
14710,2018,24,73,280
4897,2014,30,32,777
6797,2014,23,33,884
7059,2014,32,34,939
12049,2018,28,33,812
13431,2017,26,33,834
4371,2016,29,32,772
13125,2017,26,33,849
13431,2014,23,26,534
2036,2018,30,26,650
3284,2014,30,22,514
3096,2017,29,65,258
8753,2016,29,34,855
8753,2014,27,31,798
11486,2017,25,28,665
4972,2016,32,32,848
11682,2015,23,31,755
3201,2015,31,31,773
7448,2014,28,27,653
14916,2017,25,20,461
13431,2016,25,32,855
11486,2016,24,32,776
3543,2015,30,18,469
9132,2014,24,33,854
11682,2016,24,31,809
8700,2014,31,32,893
3200,2014,31,31,817
9132,2015,25,27,673
5401,2017,29,34,546
6895,2017,29,25,569
11682,2017,25,32,858
9434,2018,30,34,874
6632,2014,27,40,529
12049,2015,25,32,739
11674,2017,25,25,587
5372,2016,27,32,756
6655,2017,29,67,254
13781,2017,26,27,614
4676,2017,33,25,617
4505,2015,29,33,831
14168,2018,24,32,797
14078,2017,25,30,701
13218,2016,23,26,647
7410,2015,32,32,717
3283,2014,39,32,820
7441,2014,28,71,279
14107,2016,25,30,757
13050,2015,25,31,785
19374,2018,23,24,541
8700,2015,32,20,535
3096,2016,28,71,251
11426,2017,28,32,740
7410,2018,35,31,733
2717,2014,25,32,840
5867,2015,25,30,757
9323,2017,27,33,826
2520,2015,28,31,751
7531,2014,27,25,619
11426,2016,27,31,703
12664,2016,25,33,811
6797,2016,25,30,758
6216,2014,26,70,341
18498,2016,28,32,716
15764,2014,25,20,542
8185,2016,31,24,656
4930,2017,33,32,763
3542,2016,27,42,731
13781,2014,23,35,694
1507,2016,37,29,748
6785,2016,31,70,275
6345,2014,25,32,822
7410,2017,34,25,626
10130,2017,29,31,782
11762,2015,22,24,603
6397,2015,25,28,700
6345,2016,27,33,850
15423,2018,27,30,749
10954,2016,28,24,604
6216,2016,28,73,299
13764,2017,22,66,249
7410,2016,33,32,796
12703,2017,26,32,749
4676,2018,34,30,695
13048,2014,33,28,709
9784,2015,27,32,865
375,2014,41,31,846
6986,2014,29,33,846
12917,2017,24,28,698
2233,2016,34,33,847
8753,2017,30,32,776
1451,2014,36,33,876
13071,2015,29,31,792
10123,2015,27,32,821
7448,2016,30,32,765
8137,2015,28,20,510
2520,2018,31,31,700
3830,2016,33,32,817
13074,2016,29,17,416
14120,2017,23,22,512
15454,2018,25,33,694
16149,2016,23,20,483
7024,2016,32,24,566
15010,2017,25,76,309
10233,2014,26,54,202
4772,2015,29,31,826
13183,2017,24,33,817
3200,2017,34,33,864
13048,2016,35,33,836
1943,2018,34,33,839
16977,2018,26,31,701
14168,2017,23,26,616
3990,2015,31,34,850
11855,2015,24,28,693
7531,2016,29,33,796
10123,2014,26,31,757
13781,2015,24,32,801
8779,2015,28,32,831
19427,2018,23,20,485
12768,2017,27,27,678
1118,2016,32,29,723
16137,2016,23,28,715
10233,2016,28,59,222
12763,2016,25,48,408
1259,2015,35,33,861
11855,2014,23,31,782
7872,2014,27,31,811
8173,2015,29,33,793
15764,2017,28,30,752
3374,2015,31,32,791
12703,2016,25,35,811
10732,2014,23,32,786
14107,2017,26,34,816
10123,2018,30,32,826
4662,2014,30,32,836
1118,2017,33,33,806
15734,2018,22,41,583
512,2015,38,26,699
16511,2017,24,29,649
404,2016,35,30,768
11189,2018,26,31,630
18719,2016,33,76,313
14212,2018,24,55,306
4682,2017,36,71,235
14524,2018,24,59,223
12183,2015,26,70,286
5279,2016,28,30,715
4153,2017,31,30,707
1507,2014,35,31,833
375,2015,42,33,815
10587,2016,27,32,814
5669,2014,24,30,772
10021,2018,30,28,640
5867,2016,26,25,584
13183,2016,23,28,682
6562,2014,26,27,681
14120,2018,24,25,527
13361,2016,25,22,547
11836,2017,24,28,684
10130,2016,28,30,757
3340,2014,30,27,680
18498,2018,30,39,532
6398,2015,25,48,492
3284,2018,34,25,553
12049,2017,27,24,570
13125,2016,25,21,506
16977,2017,25,31,642
5448,2015,31,30,672
6397,2018,28,32,711
14120,2015,21,22,520
6345,2018,29,27,638
7550,2014,27,73,274
10233,2015,27,65,278
3240,2016,28,69,254
1581,2014,27,61,236
2717,2018,29,33,808
3184,2018,32,30,722
375,2016,43,34,791
15764,2018,29,27,635
14916,2018,26,31,743
6632,2016,29,25,599
10310,2014,24,32,794
15038,2017,22,29,701
10131,2018,29,22,544
4424,2014,27,30,786
13781,2018,27,33,637
9434,2016,28,26,701
10190,2018,26,24,533
4141,2018,31,36,727
7754,2015,30,31,761
6216,2015,27,74,332
15552,2017,26,40,253
12880,2016,26,19,478
10586,2016,27,80,304
6655,2014,26,63,244
13071,2014,28,31,772
2608,2018,30,35,796
14862,2018,28,33,791
9434,2017,29,23,584
5279,2014,26,34,871
2608,2017,29,32,765
1943,2016,32,26,667
4806,2017,37,25,552
15764,2015,26,24,609
1994,2016,29,32,684
10130,2014,26,33,902
8044,2014,31,30,790
10314,2015,25,34,666
13774,2018,24,24,548
3254,2015,30,32,910
4538,2015,32,31,710
14107,2018,27,31,776
10130,2018,30,31,784
6902,2016,25,33,855
5702,2016,31,20,492
11760,2014,25,28,618
404,2018,37,29,665
17479,2018,22,28,615
11189,2016,24,24,551
4538,2017,34,32,804
4897,2015,31,31,763
16400,2018,24,32,799
5203,2015,31,30,714
12076,2017,25,73,300
11486,2015,23,23,545
6785,2017,32,57,244
6483,2014,28,67,275
7196,2014,28,65,240
14078,2015,23,30,762
6902,2017,26,32,811
6562,2017,29,29,742
3254,2016,31,32,829
15873,2017,25,29,692
8782,2017,30,28,704
1994,2017,30,31,785
6570,2014,28,32,803
7448,2018,32,32,746
15689,2018,25,31,708
4972,2018,34,32,806
8753,2018,31,31,760
15440,2018,27,31,709
7274,2018,34,73,317
13273,2018,28,33,503
14975,2017,24,31,680
3551,2017,33,32,858
9029,2015,27,43,534
7466,2017,31,70,303
10021,2017,29,65,307
13713,2016,26,75,306
9132,2018,28,22,455
4662,2017,33,19,384
12970,2018,25,19,486
6785,2014,29,73,242
3096,2014,26,68,268
4776,2014,27,27,543
13164,2018,25,27,553
12808,2017,26,27,502
13125,2014,23,22,571
9388,2017,32,26,585
3542,2014,25,31,606
13050,2016,26,20,507
11682,2018,26,33,521
6316,2016,29,64,352
12972,2016,23,19,447
12910,2015,24,69,298
11530,2015,22,11,265
15440,2017,26,26,605
5372,2014,25,13,290
4020,2017,32,60,354
5867,2017,27,23,439
3855,2014,24,24,623
3240,2015,27,64,253
12076,2018,26,70,296
5114,2016,26,78,321
11384,2017,27,69,256
6033,2016,26,72,283
17780,2018,23,70,263
225,2015,36,32,827
10304,2014,24,30,766
1890,2016,27,33,838
4338,2016,26,27,669
6986,2016,31,33,818
16256,2017,24,33,688
2717,2017,28,33,885
4153,2018,32,31,724
9460,2017,28,33,769
7441,2015,29,69,251
10587,2015,26,20,502
12918,2016,23,26,638
4682,2014,33,71,255
14107,2014,23,20,476
6249,2018,30,21,450
15873,2016,24,25,594
13164,2017,24,25,582
1636,2014,35,13,352
12664,2017,26,24,576
12918,2017,24,63,290
6785,2015,30,60,246
5975,2014,33,66,259
10745,2015,25,68,287
13172,2015,25,70,284
8048,2018,28,54,210
739,2014,35,31,817
16943,2018,25,31,696
10547,2015,26,30,752
5279,2015,27,31,741
15514,2016,25,31,786
8241,2017,32,61,264
10688,2016,27,67,263
12022,2016,26,29,527
14444,2018,31,15,324
1247,2018,32,75,309
14509,2018,26,21,487
14120,2016,22,14,352
10058,2014,23,20,503
1852,2017,36,60,219
14078,2014,22,19,447
8137,2017,30,27,673
1581,2018,31,43,163
4264,2014,29,72,277
17130,2017,27,63,306
6941,2018,34,66,255
15689,2017,24,15,359
14710,2016,22,49,217
4930,2018,34,32,761
8044,2017,34,32,756
404,2017,36,27,623
1245,2014,39,34,914
1118,2015,31,34,725
15873,2018,26,27,654
1245,2015,40,33,884
6397,2014,24,31,719
12703,2015,24,31,744
11836,2015,22,29,706
4538,2014,31,30,715
6397,2016,26,33,773
13164,2015,22,21,522
10811,2017,25,29,692
2047,2015,34,26,635
8779,2016,29,30,711
5114,2018,28,70,302
6661,2015,26,43,457
12880,2018,28,32,737
11760,2016,27,30,738
14078,2016,24,27,606
3321,2015,32,68,257
13543,2016,23,19,401
5867,2014,24,20,474
6895,2015,27,27,640
8782,2015,28,31,804
2608,2016,28,34,632
9073,2018,31,65,250
4696,2016,30,71,274
8782,2014,27,19,506
3815,2014,26,16,420
13543,2017,24,24,547
11530,2014,21,8,205
12890,2017,25,70,323
3132,2018,33,72,261
11713,2016,27,17,402
12910,2014,23,44,166
10233,2018,30,55,212
3281,2017,33,59,214
4264,2016,31,75,270
7005,2018,29,77,292
1581,2017,30,53,197
12910,2017,26,63,247
13449,2018,27,72,260
9817,2015,32,70,230
10430,2018,28,69,317
2047,2014,33,32,768
1757,2014,33,32,776
18498,2017,29,29,557
4806,2018,38,25,547
4972,2017,33,24,614
6627,2016,30,71,311
3990,2016,32,34,853
13048,2015,34,20,516
921,2014,38,31,789
8362,2014,28,23,604
16137,2015,22,26,607
7608,2015,28,24,543
11589,2018,26,31,712
2717,2015,26,28,737
9490,2018,30,73,299
15552,2018,27,63,298
512,2014,37,34,935
14682,2017,24,29,716
3374,2016,32,29,638
11713,2018,29,32,663
13287,2015,25,16,406
8241,2015,30,60,250
9323,2015,25,16,357
11674,2016,24,18,418
4020,2014,29,39,461
7942,2016,28,24,567
2391,2014,26,64,255
13764,2016,21,72,288
6216,2018,30,66,272
6941,2017,33,59,232
16350,2018,24,17,415
9111,2017,27,72,311
7555,2017,30,69,262
17130,2015,25,18,395
6902,2015,24,14,339
3192,2016,31,66,255
11423,2018,29,32,739
7312,2014,28,33,719
10130,2015,27,30,778
11855,2016,25,32,816
5221,2018,33,32,662
5448,2014,30,32,621
8173,2014,28,32,817
14457,2016,26,25,584
3543,2018,33,16,393
12049,2014,24,13,321
1246,2016,30,58,243
3201,2014,30,29,691
12447,2017,27,19,436
2391,2015,27,72,281
9346,2017,32,45,170
7754,2014,29,14,274
15423,2015,24,18,438
7385,2016,31,62,269
7731,2017,30,76,291
14765,2016,19,18,336
10190,2014,22,18,464
5524,2017,27,17,450
10354,2018,27,39,439
3815,2015,27,24,494
12447,2018,28,54,410
10745,2017,27,50,202
3096,2015,27,54,200
7738,2014,25,32,838
9425,2014,30,25,662
7754,2016,31,31,724
12768,2018,28,30,582
8223,2015,27,31,750
1245,2017,42,31,815
13119,2015,25,21,501
13619,2018,25,30,758
3580,2015,34,21,553
7024,2017,33,27,684
5640,2014,29,75,278
14696,2015,22,68,243
1051,2014,33,32,852
3200,2015,32,17,457
5524,2018,28,21,551
3184,2017,31,16,317
5702,2018,33,31,611
3548,2015,26,58,261
4301,2015,27,74,244
4869,2018,28,38,534
6562,2018,30,28,661
9111,2016,26,82,364
10233,2017,29,52,210
8110,2017,29,79,312
14107,2015,24,25,470
17130,2016,26,37,325
5224,2017,32,71,254
13763,2017,25,65,279
13942,2017,27,22,341
9895,2016,29,29,350
13218,2018,25,24,558
5114,2015,25,76,308
6941,2014,30,48,182
8350,2016,29,67,278
12304,2015,26,18,361
7550,2017,30,62,229
4235,2014,31,34,888
2155,2015,34,31,820
10732,2015,24,30,664
7754,2018,33,31,714
2233,2017,35,24,546
6797,2015,24,33,843
18356,2018,21,26,537
7731,2016,29,52,513
15488,2017,22,36,564
10811,2016,24,22,525
4505,2016,30,19,450
6435,2014,26,18,458
8241,2018,33,69,283
9884,2014,27,31,781
12638,2015,27,27,621
16918,2017,23,13,252
7593,2014,23,22,546
17186,2017,24,21,485
12638,2016,28,22,417
12972,2015,22,16,314
11426,2015,26,53,357
5003,2014,27,73,313
12703,2014,23,26,663
15761,2018,23,68,267
13690,2017,23,16,384
9425,2017,33,18,392
13475,2017,24,22,460
7293,2016,36,69,289
8241,2014,29,63,259
18655,2018,24,65,260
5070,2014,28,54,231
2895,2014,26,22,377
13431,2018,27,19,449
4264,2015,30,78,293
12183,2017,28,69,282
14696,2018,25,54,212
12572,2017,29,72,325
13403,2018,28,19,389
13194,2017,27,44,517
7441,2016,30,45,176
9227,2015,40,43,160
3656,2016,33,65,266
12910,2016,25,69,286
11762,2017,24,7,124
3548,2016,27,53,275
2155,2014,33,32,818
9492,2014,29,28,687
4538,2016,33,30,692
10302,2015,27,31,746
7410,2014,31,30,673
3132,2014,29,78,305
3284,2015,31,25,660
13758,2016,25,26,596
13911,2018,28,56,228
12763,2017,26,62,316
6283,2014,31,29,765
8779,2014,27,33,866
2929,2015,27,30,736
3542,2018,29,28,692
3543,2014,29,28,737
15454,2017,24,26,584
8180,2015,25,81,312
8048,2015,25,76,264
4869,2017,27,44,540
3542,2015,26,30,588
6329,2015,30,30,768
16918,2018,24,30,609
7531,2018,31,58,283
4676,2014,30,26,666
10123,2016,28,25,653
3830,2014,31,27,695
3840,2014,31,74,238
2660,2015,28,63,214
5448,2018,34,62,377
8779,2018,31,16,338
6655,2018,30,63,247
6499,2015,28,70,265
13758,2015,24,10,242
13699,2017,23,16,357
4371,2018,31,19,370
494,2017,40,61,231
4138,2014,30,42,343
14825,2018,26,27,542
12760,2017,26,34,550
10756,2016,27,50,256
6033,2014,24,70,285
15015,2016,21,12,189
3132,2015,30,77,293
9325,2018,32,72,298
13696,2016,22,8,185
13549,2018,28,63,279
11804,2016,27,79,328
6655,2015,27,61,239
6499,2018,31,30,351
19309,2018,25,25,547
521,2015,38,36,140
4141,2014,27,6,145
8350,2015,28,71,277
3840,2016,33,81,258
6984,2017,30,66,295
19249,2018,23,53,231
2391,2018,30,63,250
11682,2014,22,57,386
16086,2017,24,59,256
16159,2018,24,59,214
12803,2015,24,30,118
13764,2015,20,68,271
9460,2016,27,34,792
2072,2014,35,32,864
2520,2017,30,33,776
7450,2015,29,27,651
9761,2015,27,25,586
1259,2014,34,29,762
1994,2018,31,29,683
10430,2017,27,69,315
10430,2016,26,66,313
1051,2015,34,19,448
6893,2017,31,25,648
14361,2017,26,34,692
4505,2017,31,29,713
18300,2018,25,29,665
7059,2018,36,34,871
12183,2014,25,76,279
5358,2018,29,76,261
12863,2018,28,62,265
18679,2018,22,16,321
3340,2016,32,19,461
404,2015,34,29,726
1451,2015,37,29,748
13974,2016,26,70,290
10591,2017,27,58,283
11710,2015,27,75,309
16401,2018,24,18,370
9884,2015,28,54,419
14875,2018,26,16,326
1437,2014,36,53,205
6627,2017,31,67,275
13475,2016,23,14,302
12237,2018,28,69,255
5070,2015,29,54,209
8041,2014,31,63,260
6316,2015,28,23,482
9029,2017,29,46,223
12664,2015,24,8,203
6216,2017,29,66,261
9029,2014,26,69,324
13164,2016,23,20,458
13287,2017,27,14,316
4806,2015,35,4,106
2660,2014,27,66,234
9111,2018,28,69,301
15947,2018,26,59,263
10745,2014,24,72,308
6661,2017,28,65,281
6655,2016,28,57,220
6983,2015,27,58,228
7416,2015,32,57,215
16588,2018,25,60,272
5985,2017,27,26,259
1247,2014,28,75,272
1757,2015,34,32,768
4772,2016,30,25,655
12673,2014,25,29,693
8137,2016,29,32,741
6570,2016,30,33,774
4338,2017,27,33,631
4849,2015,34,36,309
4090,2015,31,64,239
13684,2018,25,26,487
4141,2016,29,22,461
9227,2014,39,64,249
18719,2018,35,73,274
10481,2015,27,73,298
11828,2014,25,13,303
1259,2016,36,19,472
15514,2017,26,19,444
15488,2018,23,23,390
15440,2016,25,20,412
13071,2018,32,26,572
12880,2017,27,17,362
17432,2017,24,23,440
14966,2018,25,69,262
4259,2018,33,57,254
9895,2017,30,60,340
9121,2014,24,19,429
3192,2018,33,61,230
7531,2017,30,12,271
7441,2017,31,59,242
11804,2017,28,74,320
13194,2016,26,60,295
17496,2018,24,43,222
4090,2016,32,59,230
19755,2018,23,10,211
4301,2017,29,65,248
14457,2015,25,15,281
4301,2016,28,66,251
16943,2017,24,19,456
11710,2016,28,73,285
13607,2018,26,58,222
1157,2017,30,61,228
7773,2016,32,67,224
9456,2016,29,67,247
7196,2017,31,61,235
12385,2015,24,8,161
6986,2018,33,22,518
6661,2016,27,57,226
14212,2017,23,35,188
4070,2014,29,65,244
13764,2018,23,38,150
2660,2017,30,73,277
4079,2015,29,61,247
7550,2015,28,39,147
13781,2016,25,14,255
9388,2016,31,30,725
10123,2017,29,29,693
3196,2015,36,34,500
8302,2017,28,27,620
6797,2017,26,32,812
9948,2014,29,75,245
11502,2017,25,21,492
12917,2016,23,36,474
6230,2014,29,32,865
4371,2015,28,27,636
19320,2018,25,26,548
7872,2018,31,31,634
5372,2017,28,17,410
12917,2018,25,31,750
4300,2017,34,63,233
3281,2014,30,76,285
6661,2018,29,70,282
12799,2015,24,15,365
10291,2017,29,73,319
12863,2017,27,70,287
4505,2018,32,25,556
3284,2016,32,35,668
13394,2018,27,54,271
16149,2015,22,13,318
7005,2016,27,72,328
11176,2014,25,20,503
14361,2018,27,47,512
9388,2014,29,25,446
9895,2015,28,24,594
1890,2017,28,32,790
4070,2017,32,69,250
13607,2017,25,73,262
11760,2015,26,12,275
8241,2016,31,62,267
9784,2018,30,16,324
10756,2014,25,15,345
13273,2016,26,22,419
10314,2017,27,37,539
13133,2016,25,61,214
4869,2016,26,49,414
6483,2016,30,62,258
11334,2017,29,50,220
9239,2016,29,62,297
9939,2017,32,72,288
13046,2014,33,13,289
5420,2015,27,52,208
3548,2017,28,70,273
12890,2018,26,66,299
13188,2017,24,21,443
4538,2018,35,39,583
3240,2014,26,71,285
13182,2018,25,64,255
12183,2016,27,67,264
4259,2017,32,64,214
10586,2015,26,55,241
13360,2016,24,45,162
6983,2014,26,65,224
8258,2014,30,61,229
4070,2015,30,76,270
1514,2018,36,50,120
1642,2015,33,60,216
494,2014,37,69,286
8223,2014,26,8,180
15166,2017,20,5,123
16502,2018,26,38,628
6570,2015,29,32,800
4897,2016,32,26,590
13619,2017,24,20,422
1011,2014,36,32,780
13942,2018,28,20,424
13690,2018,24,39,644
8779,2017,30,32,728
3555,2016,32,53,246
13287,2014,24,14,306
12970,2017,24,38,462
4070,2018,33,60,240
7841,2017,33,75,217
3959,2014,28,65,259
16137,2018,25,20,511
2586,2015,36,17,392
3340,2017,33,24,504
3321,2014,31,68,271
4090,2014,30,72,284
6627,2015,29,62,324
3281,2015,31,70,271
14309,2018,25,13,283
8844,2014,28,67,271
13361,2018,27,30,654
3926,2014,30,73,260
3840,2018,35,72,240
14975,2016,23,14,301
13071,2016,30,22,520
12768,2016,26,22,517
8073,2016,29,64,259
6483,2018,32,80,288
12890,2016,24,39,217
4079,2014,28,71,261
2895,2015,27,61,299
14710,2017,23,66,278
8280,2014,30,56,198
3926,2015,31,62,257
15010,2018,26,57,223
12833,2017,27,13,292
3990,2017,33,17,397
14932,2017,25,15,372
8223,2018,30,17,333
7677,2014,25,50,177
8280,2015,31,60,216
13799,2018,26,41,245
9490,2016,28,59,241
12673,2018,29,23,210
17169,2018,22,37,150
36,2016,29,54,174
11243,2015,27,40,123
11366,2014,25,16,309
2233,2015,33,7,111
10430,2015,25,22,117
5114,2014,24,76,322
7773,2015,31,53,205
12076,2015,23,49,189
10586,2017,28,77,306
9033,2015,27,65,319
10066,2016,25,63,217
2882,2018,28,70,197
6955,2014,30,11,258
7593,2015,24,10,212
1852,2015,34,68,248
12988,2018,28,77,211
10843,2018,29,31,141
13533,2016,27,24,238
11189,2015,23,19,231
9784,2017,29,6,108
6475,2014,29,74,260
14916,2015,23,9,185
7059,2015,33,33,860
4026,2016,28,33,785
9425,2016,32,32,779
1245,2016,41,30,728
13761,2018,27,28,625
14078,2018,26,15,355
4235,2015,32,26,669
6283,2017,34,21,472
13050,2018,28,21,484
2642,2014,38,70,280
11801,2016,25,68,331
11137,2015,27,21,466
11486,2018,26,24,526
19316,2018,23,23,504
16561,2018,24,29,334
3201,2017,33,38,439
8362,2017,31,18,420
10133,2014,26,63,247
12988,2015,25,66,306
6283,2015,32,18,451
3830,2015,32,9,173
7836,2017,28,68,268
14696,2017,24,39,151
5420,2018,30,55,237
1100,2014,34,64,252
16017,2014,27,16,404
5003,2016,29,66,221
7558,2015,31,56,242
7146,2015,28,64,290
9059,2015,32,60,250
8223,2017,29,13,251
5498,2015,24,36,139
8280,2018,34,54,151
7803,2018,31,31,133
9239,2015,28,59,273
8501,2014,27,66,290
12781,2015,25,50,235
3192,2017,32,46,177
17002,2017,26,37,170
6819,2016,27,54,238
7196,2015,29,48,193
8580,2015,28,34,129
7441,2018,32,69,261
10190,2016,24,10,219
1701,2014,35,40,429
12778,2018,28,26,548
13799,2016,24,21,88
11457,2016,27,37,172
14771,2017,26,34,196
10341,2018,27,52,209
3321,2017,34,64,240
6627,2018,32,69,289
5525,2016,31,66,187
14374,2018,24,45,468
10190,2017,25,16,365
7841,2014,30,64,240
10547,2014,25,14,311
17149,2018,25,21,375
16980,2016,23,14,332
9784,2016,28,6,148
15915,2018,23,60,246
4064,2017,34,68,257
5358,2016,27,64,256
7731,2015,28,53,260
12076,2016,24,75,327
7731,2018,31,46,183
3271,2014,26,58,205
14719,2018,25,16,70
3299,2014,29,52,232
16258,2018,24,37,144
4878,2016,25,71,300
12910,2018,27,55,212
13911,2017,27,66,265
3990,2014,30,32,809
16208,2016,23,31,734
6797,2018,27,31,724
4424,2015,28,33,770
9132,2016,26,24,525
4676,2015,31,23,563
7385,2014,29,72,348
11836,2016,23,25,573
11903,2016,23,47,270
14843,2017,25,70,361
8350,2014,27,68,270
4849,2016,35,75,315
4776,2015,28,25,569
7738,2016,27,23,554
1841,2018,34,17,381
9492,2016,31,35,495
8173,2016,30,23,526
1841,2014,30,28,633
9080,2014,26,49,213
11426,2014,25,20,278
9490,2015,27,72,285
12975,2016,22,41,162
5498,2017,26,62,235
15890,2015,21,11,255
11720,2014,25,73,292
1157,2018,31,65,270
4971,2015,30,72,269
9323,2016,26,36,701
1051,2016,35,31,520
4759,2014,30,62,231
10756,2017,28,71,283
9761,2017,29,54,238
729,2014,41,57,226
5640,2016,31,69,262
13761,2017,26,13,256
12970,2016,23,11,256
6902,2014,23,8,207
13143,2015,22,11,272
6483,2017,31,49,174
6475,2015,30,75,285
4955,2014,26,54,219
7836,2015,26,55,191
12360,2014,25,56,222
2413,2014,26,30,225
11243,2014,26,50,174
1157,2014,27,60,241
7836,2016,27,72,250
12777,2018,28,45,209
1642,2016,34,61,235
17355,2018,26,69,271
12095,2015,24,59,225
15288,2018,27,70,284
1246,2017,31,57,240
7474,2014,28,51,207
13449,2016,25,57,264
13528,2017,26,75,247
7773,2014,30,59,220
13424,2018,27,41,233
15885,2018,23,11,247
7146,2016,29,70,268
17586,2018,23,53,240
1345,2017,31,72,332
4878,2017,26,68,267
5615,2018,30,34,124
13654,2016,24,5,112
12572,2014,26,15,214
6832,2017,30,58,254
4070,2016,31,54,187
9975,2015,31,53,267
8048,2016,26,53,167
10637,2016,29,58,176
13528,2016,25,59,281
2692,2014,28,69,263
16017,2017,30,18,254
4776,2018,31,7,130
15832,2018,25,35,159
12988,2017,27,71,221
7555,2014,27,63,215
12304,2014,25,6,137
11847,2018,32,46,177
1837,2016,36,40,186
7293,2015,35,66,263
9736,2014,31,70,289
17780,2017,22,35,123
3862,2015,26,32,809
1507,2017,38,31,731
10197,2014,23,32,764
4026,2015,27,33,776
6895,2014,26,21,486
7024,2015,31,26,622
13763,2014,22,57,272
15043,2018,26,69,299
5985,2015,25,64,308
13696,2017,23,25,549
4020,2018,33,74,368
15290,2017,27,30,371
3551,2018,34,27,682
9456,2018,31,54,163
13713,2017,27,66,286
13360,2017,25,48,190
3830,2017,34,33,787
4971,2014,29,57,239
14444,2017,30,25,541
12673,2015,26,22,490
13533,2017,28,12,283
12317,2016,25,20,454
16400,2016,22,11,201
11710,2018,30,74,273
6033,2015,25,72,286
7841,2016,32,73,178
15258,2018,26,53,259
13442,2014,23,60,246
11753,2016,24,56,226
6316,2017,30,54,238
4301,2018,30,71,236
7274,2014,30,49,304
13453,2017,26,13,237
7555,2018,31,62,239
9761,2018,30,73,285
11490,2018,25,20,474
10354,2014,23,13,264
5203,2016,32,24,541
8782,2018,31,28,681
11720,2015,26,62,204
7624,2016,33,72,339
16980,2017,24,7,169
14739,2017,23,10,238
8041,2015,32,60,238
5401,2018,30,61,272
13273,2017,27,49,304
9227,2017,42,49,178
12323,2017,27,73,304
7593,2018,27,35,371
7466,2014,28,50,378
16400,2017,23,8,207
11754,2016,24,18,346
6249,2014,26,32,499
15890,2016,22,22,312
6984,2018,31,59,204
10197,2016,25,20,460
11490,2014,21,24,121
4994,2014,28,69,216
13560,2016,24,5,111
36,2018,31,48,140
3886,2014,31,9,229
3357,2015,31,65,221
3240,2017,29,38,161
2882,2017,27,61,194
12304,2018,29,11,204
9119,2017,29,52,227
1157,2016,29,33,139
1581,2016,29,44,155
9227,2016,41,50,184
18383,2018,20,5,113
2391,2016,28,54,200
11432,2016,27,36,204
10343,2017,29,70,265
1837,2017,37,62,247
10982,2017,28,41,238
16137,2017,24,12,297
9492,2017,32,60,267
8490,2016,28,37,152
1797,2014,34,73,286
13442,2016,25,60,227
9674,2014,26,31,679
13758,2017,26,56,310
4662,2016,32,10,171
3555,2017,33,50,252
12580,2016,26,23,506
177,2015,40,45,175
8362,2016,30,6,111
6865,2015,30,32,144
1918,2014,37,64,152
18806,2017,26,37,151
6576,2018,28,32,166
1247,2016,30,34,107
13685,2017,25,56,221
11449,2018,29,56,247
1370,2014,28,67,177
15232,2018,25,17,188
4878,2014,23,38,301
5003,2018,31,71,243
8493,2015,24,10,220
9346,2018,33,35,122
12876,2015,24,13,76
16110,2018,26,11,132
6612,2014,28,73,196
18655,2017,23,16,60
9939,2016,31,54,224
13607,2016,24,36,138
18064,2018,25,45,214
13892,2017,27,57,275
17695,2017,24,23,80
5057,2014,28,16,241
3580,2014,33,31,761
6329,2014,29,32,855
10547,2016,27,32,807
3201,2016,32,31,731
4878,2015,24,53,206
9388,2015,30,10,251
12730,2015,24,24,558
16980,2018,25,22,476
12804,2016,23,27,671
2038,2014,29,28,592
510,2014,34,20,475
12235,2014,25,73,317
1852,2016,35,63,270
8476,2014,24,63,417
4026,2014,26,30,544
1345,2016,30,70,330
9417,2015,29,15,243
15514,2015,24,21,502
7608,2014,27,22,519
1994,2015,28,17,413
10185,2014,23,28,501
9654,2015,26,45,222
8110,2014,26,80,313
9325,2017,31,67,244
7853,2017,31,9,178
12580,2015,25,15,352
12022,2017,27,18,374
14975,2018,25,16,373
3201,2018,34,27,586
13594,2017,24,25,383
12972,2017,24,13,323
13361,2015,24,6,149
12572,2016,28,73,263
36,2015,28,66,189
12297,2014,24,57,210
11964,2018,28,18,135
3237,2014,25,37,255
13323,2018,27,60,211
8844,2015,29,66,239
14843,2018,26,45,344
10343,2014,26,71,283
6398,2018,28,24,103
494,2018,41,68,285
6984,2015,28,72,304
15855,2018,26,40,200
5640,2018,33,73,285
18806,2018,27,71,272
12863,2016,26,62,287
3862,2016,27,13,222
17466,2018,24,17,344
5985,2014,24,47,339
10982,2014,25,24,330
13442,2015,24,47,151
2873,2014,33,54,218
16086,2018,25,52,174
6941,2015,31,72,272
1437,2016,38,51,204
1514,2014,32,68,256
7005,2015,26,27,119
2882,2016,26,27,82
3551,2016,32,36,306
19618,2018,21,73,339
16162,2018,25,19,176
13183,2015,22,6,139
13475,2015,22,13,251
16201,2018,25,57,241
9817,2018,35,73,284
7541,2016,31,9,208
7947,2016,30,56,197
2332,2014,38,69,265
8823,2017,30,64,251
9033,2016,28,70,297
1478,2015,27,16,328
9178,2015,25,13,280
3284,2017,33,28,482
13688,2017,25,5,89
6033,2018,28,48,184
14843,2016,24,35,202
7773,2018,34,54,190
4682,2016,35,60,185
12854,2015,23,40,151
4001,2017,26,53,245
11632,2017,28,62,271
9866,2016,29,30,124
13071,2017,31,9,132
5003,2015,28,67,260
11720,2016,27,68,225
12938,2017,24,9,147
1514,2015,33,70,183
7558,2016,32,34,163
2233,2018,36,8,181
9239,2017,30,66,260
3895,2015,24,30,121
13183,2018,25,13,280
16162,2017,24,8,184
14706,2017,23,8,115
14739,2018,24,6,119
14741,2017,27,30,77
15094,2016,24,8,66
11712,2015,26,35,132
6612,2016,30,70,215
2646,2015,28,58,206
10534,2014,26,67,307
2170,2014,35,58,213
9486,2017,32,65,278
8048,2014,24,78,286
15091,2018,24,29,179
16086,2016,23,42,160
16588,2017,24,37,171
14375,2018,26,66,264
9178,2014,24,7,164
14605,2017,30,43,211
16814,2018,28,70,198
8532,2014,28,40,147
12555,2018,28,30,95
7293,2017,37,53,211
8823,2018,31,44,209
12323,2016,26,27,106
16207,2018,25,4,69
7024,2014,30,27,671
6986,2015,30,30,713
6895,2016,28,31,647
5861,2015,33,57,206
3543,2016,31,37,588
2047,2016,35,27,614
8173,2018,32,21,422
13449,2017,26,69,237
19341,2018,29,47,370
7396,2014,28,22,570
978,2014,37,14,357
16358,2018,23,23,507
1767,2014,33,32,687
1118,2018,34,28,627
375,2018,45,28,628
375,2017,44,28,648
6432,2014,32,44,273
13696,2018,24,68,345
10021,2014,26,25,637
3374,2014,30,25,553
3340,2015,31,26,666
3192,2015,30,68,276
5766,2016,25,37,144
8044,2015,32,9,183
6316,2014,27,32,497
7624,2015,32,59,243
8782,2016,29,28,588
14542,2017,24,35,149
9756,2015,27,17,346
13431,2015,24,4,103
6697,2015,28,28,125
5975,2015,34,59,260
583,2014,35,62,225
11632,2016,27,38,223
1906,2014,36,61,196
5088,2015,29,67,258
5358,2015,26,64,283
10534,2015,27,62,220
7555,2016,29,60,247
3551,2015,31,23,181
9073,2017,30,62,231
6435,2015,27,23,310
8501,2017,30,52,215
6324,2015,29,67,271
3862,2014,25,19,441
1837,2014,34,66,282
9761,2016,28,20,188
12691,2016,26,24,414
2203,2014,31,62,292
11903,2017,24,46,218
8245,2014,31,68,199
2385,2014,29,61,218
7385,2017,32,52,242
8258,2015,31,62,255
8410,2016,27,44,220
729,2015,42,42,162
2895,2016,28,53,233
14295,2017,25,69,263
11828,2015,26,13,297
14457,2018,28,52,202
12022,2015,25,25,282
12580,2017,27,37,229
8137,2014,27,7,177
9111,2014,24,32,474
2170,2015,36,60,202
15594,2017,26,38,182
10925,2015,27,30,286
14542,2016,23,63,246
18,2015,27,48,212
1918,2015,38,60,171
16794,2018,25,6,91
17130,2018,28,66,291
2895,2017,29,50,249
9346,2015,30,5,126
1937,2014,35,22,79
15594,2018,27,32,148
15051,2018,25,31,129
8110,2016,28,75,275
10078,2014,27,54,206
494,2016,39,67,283
12691,2015,25,9,149
16511,2018,25,6,116
15502,2018,23,8,159
10591,2018,28,73,268
12572,2015,27,60,280
8073,2015,28,53,244
7169,2015,31,58,253
16929,2018,22,7,123
10197,2017,26,4,99
17085,2018,22,10,247
12638,2017,29,9,188
6785,2018,33,37,154
12317,2015,24,6,133
10240,2015,26,6,120
7196,2018,32,56,212
14741,2018,28,43,118
10587,2017,28,9,200
19753,2018,23,9,108
6398,2016,26,44,187
1247,2015,29,10,35
10796,2014,27,47,104
13796,2016,25,3,40
9080,2016,28,25,114
16358,2017,22,4,92
9490,2014,26,32,135
13743,2018,24,14,142
13762,2015,24,6,130
4264,2018,33,41,174
9943,2014,29,42,314
11479,2016,25,5,107
3873,2014,24,6,99
4279,2015,32,40,130
2660,2016,29,54,157
4676,2016,32,4,71
11449,2017,28,40,215
2237,2017,35,32,178
9425,2018,34,12,289
4264,2017,32,32,130
5070,2016,30,37,158
15010,2016,24,35,145
3548,2014,25,9,143
13345,2018,26,16,195
14697,2016,23,27,151
9346,2014,29,13,148
16918,2016,22,9,167
12938,2016,23,10,88
8493,2016,25,14,318
14682,2018,25,12,217
7525,2016,30,12,49
3271,2015,27,12,42
11203,2016,28,25,101
8044,2016,33,3,47
8504,2014,27,30,100
5830,2016,27,46,269
4891,2017,38,79,243
3321,2018,35,20,83
12580,2018,28,67,214
5358,2017,28,64,203
11388,2016,26,12,58
13834,2018,26,7,71
13394,2016,25,12,72
12760,2015,24,5,46
1514,2017,35,50,143
16731,2018,26,13,170
4001,2015,24,23,140
13475,2018,25,11,200
12988,2016,26,32,98
2929,2016,28,30,564
12804,2015,22,20,478
4371,2017,30,30,695
4772,2018,32,29,685
5705,2015,31,15,333
8245,2015,32,65,190
12876,2017,26,45,173
11437,2018,26,60,266
9948,2016,31,51,176
9059,2016,33,68,289
9761,2014,26,17,415
4772,2017,31,16,368
1137,2014,32,37,497
5070,2017,31,57,223
10234,2015,28,67,277
15240,2018,26,65,293
10291,2018,30,68,263
7175,2018,33,50,145
13360,2018,26,71,271
715,2014,39,61,308
5985,2016,26,79,337
12730,2014,23,29,610
17030,2018,22,12,241
14814,2017,26,11,219
15033,2014,22,43,122
7947,2017,31,68,285
17233,2016,25,32,142
9486,2014,29,24,125
15594,2016,25,48,213
10133,2017,29,30,121
12918,2018,25,76,296
7312,2015,29,44,499
13323,2017,26,59,240
14272,2018,27,38,434
1157,2015,28,58,249
2391,2017,29,61,237
12235,2015,26,76,270
6249,2017,29,21,381
9111,2015,25,38,408
10836,2017,28,25,279
10756,2015,26,18,373
11710,2014,26,31,181
15474,2017,22,7,179
2237,2015,33,68,268
4682,2018,37,30,101
11712,2018,29,31,155
5420,2016,28,73,295
6893,2018,32,9,214
7396,2017,31,18,212
9817,2017,34,55,224
3299,2015,30,49,166
4259,2016,31,70,322
6832,2018,31,63,216
13293,2016,26,35,193
15551,2017,26,27,395
1890,2015,26,12,278
4732,2017,32,27,568
10925,2014,26,10,249
6398,2014,24,10,213
14697,2015,22,7,143
15118,2017,25,11,37
15671,2015,29,19,102
4300,2015,32,30,149
3237,2018,29,47,292
13188,2018,25,5,92
5498,2018,27,39,158
5070,2018,32,45,154
3555,2018,34,22,104
6499,2014,27,38,167
3731,2014,31,63,273
11836,2014,21,8,160
15042,2018,26,37,151
4994,2017,31,48,182
9736,2015,32,68,285
14524,2017,23,47,200
2237,2016,34,61,282
8350,2017,30,61,258
2882,2015,25,73,220
3599,2014,28,61,242
3397,2015,31,61,255
11449,2015,26,26,84
11294,2016,27,24,281
5975,2016,35,37,152
5114,2017,27,26,111
3656,2015,32,72,291
15451,2018,26,50,226
4971,2017,32,61,263
9073,2016,29,41,184
17425,2018,25,11,217
6612,2015,29,72,158
13361,2017,26,13,298
2859,2016,30,16,220
10039,2015,24,13,251
5766,2018,27,35,154
2010,2014,36,27,119
13688,2016,24,4,37
15915,2017,22,10,42
13420,2016,25,7,69
12237,2017,27,16,53
12027,2016,26,36,221
11596,2017,28,6,56
1351,2014,28,35,91
14093,2016,24,23,134
3096,2018,30,69,289
4620,2015,33,43,100
8855,2014,27,54,202
13322,2016,24,68,250
17755,2018,24,27,120
4994,2016,30,57,198
14706,2018,24,3,56
9309,2016,28,11,40
9674,2015,27,35,376
1581,2015,28,12,57
521,2014,37,62,235
17117,2018,25,32,151
5498,2016,25,43,182
11752,2018,26,35,184
12385,2014,23,4,91
15291,2017,25,11,162
13767,2016,25,25,100
5525,2017,32,38,91
18282,2017,24,68,225
10354,2015,24,3,65
13780,2018,27,56,173
11467,2016,24,8,168
11428,2014,25,19,378
2608,2014,26,11,272
11137,2014,26,10,238
12833,2016,26,7,117
7608,2018,31,5,118
15655,2018,24,17,294
7450,2016,30,12,259
5766,2017,26,21,76
14241,2017,26,13,67
16507,2016,23,15,48
10855,2014,23,15,50
9080,2017,29,7,28
16208,2014,21,7,28
7803,2016,29,23,92
7555,2015,28,26,100
6324,2017,31,21,71
4089,2014,28,66,238
5960,2014,29,58,209
12323,2018,28,49,217
3397,2014,30,36,142
2237,2014,32,32,160
12803,2014,23,17,86
5525,2015,30,60,168
9266,2014,23,5,80
11334,2014,26,11,155
15200,2018,26,15,176
7982,2015,27,33,272
10343,2018,30,59,183
9033,2018,30,26,114
10160,2015,24,5,109
10304,2017,27,7,114
15130,2018,24,5,59
15033,2016,24,29,70
10466,2015,26,4,77
5669,2015,25,4,102
11589,2017,25,34,724
6895,2018,30,30,644
14682,2016,23,35,662
7624,2014,31,73,405
3292,2014,27,33,733
19361,2018,23,30,152
6627,2014,28,46,254
11490,2015,22,41,380
19349,2018,21,29,202
2929,2014,26,21,548
6283,2016,33,40,338
11132,2016,28,23,509
5448,2017,33,38,586
8044,2018,35,20,404
1437,2015,37,67,254
4776,2017,30,14,326
4662,2018,34,15,339
3656,2017,34,61,256
12447,2016,26,17,260
10498,2014,25,66,247
5640,2015,30,69,301
14862,2015,25,9,150
3281,2018,34,56,180
6941,2016,32,70,293
3547,2015,25,17,333
9425,2015,31,25,449
9948,2017,32,68,220
5221,2017,32,50,283
7738,2015,26,20,478
1122,2014,39,62,259
10587,2018,29,27,518
3993,2014,24,11,259
17303,2017,21,32,249
11432,2017,28,32,136
19756,2018,34,75,262
9456,2017,30,71,268
4138,2015,31,35,250
15046,2015,22,48,202
13485,2018,25,36,165
11801,2015,24,57,217
10855,2017,26,44,198
5221,2016,31,19,252
9866,2015,28,36,177
17281,2018,24,12,181
4869,2015,25,16,395
4759,2015,31,66,257
9059,2018,35,50,233
3237,2017,28,43,241
7593,2016,25,40,273
11589,2016,24,28,373
9794,2017,29,27,105
6324,2014,28,72,236
13485,2017,24,37,171
8185,2018,33,20,223
8110,2015,27,74,265
11266,2014,24,5,83
9029,2018,30,47,223
11388,2017,27,60,265
12385,2016,25,13,296
4682,2015,34,66,223
11467,2017,25,11,229
7775,2014,33,34,359
4079,2016,30,53,208
6033,2017,27,64,259
3273,2015,34,20,357
9939,2018,33,70,263
10315,2016,26,65,315
10310,2017,27,17,386
13533,2018,29,9,182
12808,2016,25,17,233
12730,2017,26,23,478
12586,2016,26,18,328
1890,2018,29,39,471
1122,2016,41,10,28
7803,2017,30,57,265
13713,2015,25,25,98
11753,2014,22,6,41
6661,2014,25,5,97
13942,2016,26,14,91
9239,2018,31,59,245
4891,2016,37,50,191
2646,2014,27,63,226
7501,2016,31,63,187
12452,2017,27,28,143
8402,2015,27,70,269
6943,2016,32,40,151
3970,2014,30,64,253
7501,2015,30,64,207
3886,2016,33,28,124
10637,2015,28,39,122
14272,2017,26,5,121
13818,2017,27,13,145
7146,2017,30,71,271
7108,2015,30,26,119
3855,2015,25,8,171
10745,2016,26,45,197
10343,2015,27,60,186
5285,2014,30,35,443
9948,2015,30,72,235
813,2014,38,61,148
15290,2018,28,23,291
5640,2017,32,67,264
14527,2018,25,17,234
11189,2017,25,15,315
17034,2018,22,7,150
13560,2017,25,24,265
1852,2018,37,58,231
5842,2015,30,7,165
9559,2018,33,13,203
9803,2014,25,10,255
12799,2016,25,19,270
16017,2018,31,19,188
7836,2014,25,9,25
13172,2014,24,9,29
7841,2015,31,7,15
8476,2015,25,7,27
15100,2017,25,9,43
12361,2014,26,9,35
14361,2016,25,4,62
1663,2015,37,77,147
9392,2014,26,9,32
4696,2017,31,11,49
10326,2014,26,21,136
5508,2014,30,30,115
14200,2014,23,26,89
17811,2018,25,16,36
15240,2017,25,33,196
17987,2018,25,20,93
4168,2017,30,10,31
12876,2016,25,12,60
17677,2018,25,18,141
888,2015,30,18,162
16904,2017,28,3,37
4891,2015,36,22,44
9866,2018,31,61,203
14993,2018,25,6,65
13046,2015,34,8,136
6943,2015,31,49,214
13743,2017,23,9,121
13881,2015,28,14,98
5221,2014,29,11,121
8823,2016,29,14,74
8245,2016,33,64,220
10267,2016,29,10,35
13881,2014,27,16,48
3299,2017,32,49,257
14899,2018,26,56,236
12578,2018,28,7,27
13763,2018,26,29,106
4371,2014,27,13,281
1437,2017,39,52,213
18815,2018,23,11,85
13684,2016,23,20,222
13074,2018,31,8,180
12118,2015,23,7,57
999,2015,28,41,137
11804,2018,29,53,203
5224,2014,29,18,91
16155,2018,25,14,293
18790,2017,24,6,139
15038,2016,21,6,98
14527,2015,22,2,46
2010,2015,37,11,32
11903,2018,25,47,217
15033,2018,26,15,46
11479,2017,26,20,153
10706,2015,27,5,69
12520,2014,24,5,109
15042,2017,25,19,79
13211,2016,26,6,49
12963,2018,28,5,49
2868,2014,25,7,27
11166,2015,23,5,22
15306,2016,25,22,71
14506,2018,25,13,62
6244,2014,31,23,95
4300,2014,31,8,42
12857,2018,27,14,57
16390,2018,26,5,24
8073,2014,27,47,182
13172,2017,27,8,27
15068,2018,24,14,60
15264,2018,24,16,71
12774,2015,24,21,78
10982,2016,27,5,61
8185,2014,29,6,86
13398,2015,24,18,42
5679,2014,29,28,104
11487,2016,24,12,39
4782,2014,29,25,78
4544,2016,35,13,100
12890,2014,22,15,54
7982,2018,30,16,62
3762,2015,30,19,91
12095,2016,25,9,35
6955,2015,31,7,82
10591,2016,26,17,84
9286,2016,29,31,147
8004,2018,29,8,59
12988,2014,24,3,60
6780,2016,30,16,75
13403,2016,26,11,35
14711,2017,22,9,30
16440,2018,24,11,54
13974,2018,28,28,100
1351,2015,29,36,124
3192,2014,29,29,120
15179,2017,26,5,85
14309,2015,22,7,66
14986,2017,25,16,88
15293,2016,25,24,65
14353,2018,24,11,31
7942,2015,27,68,270
10078,2015,28,6,20
14932,2018,26,10,145
9174,2016,26,10,102
7396,2015,29,8,183
7942,2014,26,16,110
15010,2014,22,8,39
976,2015,38,8,161
12664,2018,27,3,26
12675,2016,27,12,86
16468,2018,25,4,65
7882,2017,30,4,51
2929,2017,29,7,152
4235,2016,33,31,767
15474,2018,23,32,775
3273,2014,33,32,722
921,2015,39,24,525
3220,2014,32,71,249
3132,2017,32,71,291
3815,2016,28,17,309
8180,2016,26,67,248
15264,2017,23,64,246
11132,2017,29,18,338
3374,2017,33,31,648
8992,2015,28,73,318
17526,2016,27,12,232
11754,2015,23,12,301
11716,2014,25,23,537
888,2014,29,26,573
14862,2016,26,27,335
19206,2018,23,26,118
2873,2015,34,67,244
8073,2018,31,72,271
9720,2018,32,51,217
14663,2015,23,14,280
10968,2016,28,13,287
11632,2018,29,67,260
2873,2017,36,63,259
4759,2016,32,66,259
12499,2018,29,32,154
126,2014,35,17,342
6983,2016,28,57,228
13699,2018,24,17,281
12586,2018,28,48,388
10811,2015,23,18,399
7450,2017,31,14,244
9975,2014,30,57,317
9325,2015,29,76,284
9486,2016,31,57,216
19341,2017,28,8,96
5420,2017,29,66,280
10500,2014,26,18,96
9492,2018,33,64,245
11334,2015,27,17,255
3321,2016,33,34,131
4971,2016,31,75,293
7355,2014,32,50,192
12360,2015,26,57,243
12027,2018,28,48,336
9080,2015,27,49,212
14814,2018,27,66,308
4301,2014,26,70,256
8346,2014,33,68,272
10341,2017,26,40,184
16348,2018,23,35,159
1011,2016,38,24,366
14239,2016,27,26,113
6176,2014,32,25,332
13774,2016,22,11,272
13470,2017,23,14,255
12272,2015,25,13,250
1368,2017,33,4,13
7501,2014,29,30,76
9195,2014,26,41,148
14239,2017,28,20,82
17233,2015,24,23,105
7407,2014,28,42,198
4055,2014,24,25,158
4696,2018,32,33,137
3240,2018,30,41,169
7274,2017,33,60,329
12249,2017,27,13,60
5224,2018,33,67,276
13767,2018,27,39,135
2608,2015,27,5,111
12235,2016,27,29,134
18684,2018,22,6,146
13293,2017,27,72,219
6435,2016,28,35,365
2873,2016,35,62,241
6483,2015,29,59,243
10171,2016,26,33,143
15306,2017,26,51,190
7947,2018,32,62,248
7411,2015,28,28,149
4620,2014,32,53,135
12555,2016,26,65,271
11384,2014,24,54,285
11752,2017,25,43,224
7005,2017,28,57,252
10946,2017,29,26,151
1514,2016,34,64,182
14391,2018,23,8,121
4313,2014,27,26,97
11592,2016,25,11,233
9243,2015,27,11,47
14244,2018,28,26,95
13050,2014,24,13,146
10234,2017,30,20,94
17418,2017,23,6,128
11384,2018,28,24,107
9137,2016,28,5,98
6435,2017,29,24,333
769,2014,37,13,223
11804,2014,25,1,3
11571,2015,24,4,19
13042,2016,26,7,25
15126,2017,22,1,23
7558,2014,30,7,33
12537,2018,28,8,36
10962,2016,26,2,21
15239,2017,26,28,121
6697,2016,29,15,64
1370,2015,29,33,82
15028,2018,25,27,119
9817,2016,33,40,117
1837,2015,35,34,149
7759,2014,33,20,77
7407,2017,31,16,88
7474,2015,29,40,204
7677,2015,26,19,60
11457,2015,26,18,94
6499,2016,29,21,112
14665,2016,23,14,60
9674,2016,28,55,247
10510,2016,26,68,182
15036,2018,24,4,74
12905,2015,25,18,190
13172,2018,28,18,64
13398,2014,23,19,53
813,2015,39,71,117
10354,2016,25,3,58
14867,2015,23,17,68
4064,2016,33,14,55
16208,2017,24,4,59
10982,2015,26,4,84
12804,2018,25,18,166
14016,2016,26,37,171
4338,2014,24,4,101
5224,2016,31,17,79
18403,2018,22,7,81
5679,2015,30,36,147
11589,2015,23,20,274
11341,2015,25,6,134
9918,2014,30,17,169
6249,2015,27,26,187
12997,2018,25,11,49
3895,2016,25,43,178
8580,2016,29,40,194
3397,2017,33,31,136
5766,2015,24,35,145
11457,2017,28,30,112
12870,2015,25,27,129
15467,2017,25,11,185
3547,2014,24,15,137
11350,2016,27,19,300
19990,2018,20,3,33
10835,2014,25,17,118
10938,2015,27,15,65
9417,2016,30,6,119
9119,2018,30,10,42
16155,2017,24,7,93
4359,2014,26,2,13
8728,2015,29,1,13
3547,2016,26,1,15
11449,2016,27,5,10
12237,2016,26,3,8
13150,2016,23,3,8
8258,2017,33,4,15
14765,2018,21,3,13
1397,2014,37,3,39
2951,2016,28,10,35
7758,2015,29,11,29
13580,2018,26,10,27
12185,2017,24,8,32
14200,2016,25,7,25
15051,2015,22,13,50
15046,2016,23,9,28
17526,2018,29,1,24
14524,2016,22,12,66
13346,2017,26,37,139
19330,2018,25,8,40
12857,2015,24,8,30
2692,2016,30,20,82
12253,2016,27,14,65
12562,2015,24,17,52
12777,2017,27,50,209
10160,2017,26,1,14
11479,2014,23,3,44
10258,2016,32,8,12
999,2014,27,7,31
9866,2017,30,12,44
7108,2018,33,15,57
5420,2014,26,20,92
3886,2015,32,7,55
11743,2017,26,12,58
14966,2017,24,7,29
10637,2017,30,4,15
12800,2017,27,12,49
16793,2017,24,17,75
8823,2015,28,13,72
10291,2016,28,20,85
15859,2018,25,10,40
9174,2018,28,7,104
13182,2017,24,30,134
13485,2015,22,14,65
17149,2017,24,7,62
2873,2018,37,26,132
12774,2014,23,5,24
13580,2016,24,16,58
15671,2016,30,10,44
11471,2014,25,2,46
12718,2018,25,7,59
7466,2015,29,10,61
4806,2014,34,16,29
11836,2018,25,3,56
16513,2018,24,3,23
12562,2017,26,7,25
5231,2015,28,10,55
13780,2017,26,55,160
6819,2015,26,54,259
15514,2014,23,5,18
14411,2016,24,3,10
10976,2016,28,26,101
6415,2015,25,8,46
15458,2018,25,4,31
15033,2015,23,31,74
2385,2015,30,9,51
3548,2018,29,25,104
16419,2018,24,5,50
10983,2014,25,8,39
1349,2014,28,32,145
14374,2016,22,7,105
1483,2014,26,9,43
6200,2016,31,4,42
16344,2017,22,18,92
4363,2016,35,15,63
9419,2017,29,10,32
14832,2017,25,7,36
4578,2014,25,1,24
10887,2016,27,8,46
15291,2016,24,8,166
11663,2016,25,5,34
3245,2014,31,6,33
12499,2014,25,3,34
7947,2015,29,7,13
14099,2016,24,7,154
6175,2017,27,18,135
5178,2017,31,6,31
12277,2014,26,6,33
2413,2015,27,16,88
4089,2015,29,49,148
13604,2014,24,10,50
9460,2015,26,4,76
13424,2014,23,1,20
5401,2015,27,1,22
14765,2017,20,5,102
12831,2016,25,12,84
10466,2014,25,5,124
13293,2015,25,14,72
11847,2015,29,24,99
16128,2018,25,8,30
10770,2015,25,14,193
11467,2015,23,3,44
13418,2015,24,1,31
10304,2016,26,13,268
13892,2018,28,46,253
16731,2017,25,4,52
6336,2014,28,6,36
7432,2015,27,6,20
14646,2018,25,10,38
13442,2018,27,3,18
11847,2014,28,16,69
6819,2017,28,8,45
19820,2018,23,10,38
10836,2015,26,5,79
12297,2018,28,10,37
11012,2018,29,5,41
2203,2015,32,6,36
16981,2018,25,2,40
12963,2017,27,4,26
12027,2014,24,2,35
12515,2014,25,3,45
8041,2016,33,2,12
11240,2016,28,9,42
8007,2016,28,6,45
11471,2015,26,3,46
14672,2017,25,6,27
6697,2018,31,4,25
10620,2015,25,1,18
7872,2016,29,1,27
3543,2017,32,2,40
6230,2017,32,2,45
7146,2014,27,3,13
10983,2016,27,4,19
9417,2018,32,1,25
3196,2014,35,30,688
5705,2014,30,33,673
6397,2017,27,28,604
9037,2015,27,67,264
17526,2017,28,31,678
7754,2017,32,29,671
8580,2018,31,51,215
521,2016,39,67,251
14957,2017,23,62,284
11592,2015,24,23,514
11428,2018,29,43,167
7293,2014,34,68,281
5535,2014,31,62,257
9460,2018,29,23,518
12385,2018,27,14,316
8173,2017,31,28,578
14696,2016,23,35,150
7738,2017,28,19,269
17295,2018,24,8,154
9884,2016,29,77,252
1841,2015,31,47,228
9756,2014,26,45,383
10133,2015,27,69,271
15467,2014,22,10,156
13345,2016,24,17,285
13133,2017,26,41,168
10756,2018,29,66,279
12520,2015,25,6,151
18311,2017,23,7,101
9037,2017,29,52,197
2047,2017,36,65,219
10688,2014,25,27,131
6175,2016,26,22,355
10534,2018,30,41,208
10285,2016,27,20,65
16130,2018,24,21,454
12022,2018,28,41,340
404,2014,33,8,209
1368,2016,32,45,190
3677,2014,29,40,189
8137,2018,31,33,369
9492,2015,30,38,377
13424,2015,24,20,106
11528,2015,26,35,120
6832,2014,27,44,169
9303,2014,28,5,72
10261,2016,32,36,148
6612,2017,31,64,137
10504,2014,25,50,204
11712,2016,27,36,157
14420,2017,23,7,101
15552,2016,25,12,198
7355,2015,33,48,166
13974,2017,27,49,177
2170,2016,37,44,152
14295,2018,26,59,227
7267,2014,32,51,211
12918,2015,22,8,161
6244,2015,32,48,181
10261,2014,30,27,122
11176,2015,26,15,351
13453,2016,25,17,293
11250,2015,26,20,79
1333,2014,27,6,30
4756,2014,33,1,3
9456,2014,27,1,3
5559,2015,30,1,1
9720,2015,29,4,11
8536,2017,30,1,4
1906,2015,37,32,124
17418,2018,24,7,28
9346,2016,31,18,68
9794,2015,27,17,46
17470,2018,24,14,58
9239,2014,27,18,109
7489,2014,28,7,18
1345,2018,32,13,47
8600,2016,34,55,279
11428,2017,28,33,162
17695,2018,25,21,71
11209,2015,24,1,19
12166,2015,26,20,111
12760,2014,23,10,194
18719,2017,34,62,264
5551,2014,28,4,84
11490,2017,24,8,167
14033,2018,28,2,36
10341,2016,25,11,47
13849,2015,23,3,50
15094,2018,26,6,26
8180,2017,27,46,172
14371,2018,24,9,76
14914,2017,25,9,47
13166,2016,26,6,33
13911,2016,26,24,113
10796,2016,29,16,45
6238,2015,27,4,45
8270,2014,26,10,55
10732,2016,25,9,104
976,2014,37,6,113
17553,2017,23,11,243
19482,2018,24,9,26
2170,2017,38,19,72
7407,2018,32,32,162
11468,2017,25,3,41
10044,2016,28,5,22
4684,2014,33,12,82
8362,2018,32,20,494
15179,2016,25,9,179
6984,2016,29,17,76
14165,2016,22,5,110
15047,2018,26,4,55
1795,2014,37,18,62
6865,2014,29,20,105
10606,2014,25,3,19
5746,2016,31,39,136
13150,2017,24,4,62
15524,2017,22,2,26
11440,2016,23,13,57
11486,2014,22,9,136
18510,2018,23,3,56
11543,2017,28,10,58
13276,2016,24,19,83
17878,2018,22,1,19
697,2014,28,1,4
1330,2014,27,3,19
1617,2014,37,1,1
2835,2014,28,3,15
3086,2014,28,1,3
3704,2014,34,1,4
4450,2014,30,2,4
5358,2014,25,2,3
5791,2014,26,1,4
6887,2014,27,1,4
7324,2014,31,1,3
7986,2014,32,1,4
8392,2014,27,1,1
8801,2014,24,2,7
9244,2014,26,1,12
10181,2014,23,1,6
10663,2014,24,1,8
10803,2014,25,1,2
1122,2015,40,1,1
1551,2015,38,2,6
1904,2015,35,1,3
2218,2015,34,1,4
2714,2015,34,1,4
3642,2015,31,1,10
4002,2015,27,2,7
4249,2015,30,1,4
4400,2015,34,1,1
5133,2015,33,1,5
5913,2015,24,1,5
6073,2015,33,1,8
6741,2015,26,2,3
6908,2015,30,1,4
7244,2015,28,1,3
7274,2015,31,5,17
7407,2015,29,3,7
7945,2015,25,1,5
7980,2015,26,2,11
8337,2015,28,1,8
8433,2015,28,2,8
8505,2015,29,6,19
9063,2015,26,1,1
9901,2015,28,1,7
10330,2015,24,6,13
11867,2015,27,4,12
12240,2015,26,1,11
12718,2015,22,2,8
13323,2015,24,11,21
1159,2016,30,1,4
3211,2016,28,1,5
3411,2016,32,2,5
6153,2016,27,1,4
9063,2016,27,1,1
9308,2016,28,1,2
9807,2016,28,1,5
10028,2016,24,2,10
10558,2016,26,1,6
10700,2016,27,1,5
11287,2016,28,1,4
11391,2016,27,1,3
12118,2016,24,1,13
12399,2016,26,1,2
13153,2016,23,1,3
13172,2016,26,3,11
14699,2016,25,1,4
14957,2016,22,4,14
1330,2017,30,1,2
3086,2017,31,1,5
3364,2017,33,1,5
4082,2017,33,2,4
5227,2017,32,1,4
5751,2017,26,1,5
7358,2017,34,1,4
8007,2017,29,3,5
8392,2017,30,2,6
12166,2017,28,1,4
12673,2017,28,1,2
12756,2017,27,1,2
13153,2017,24,1,4
13395,2017,26,1,3
13435,2017,26,1,7
14510,2017,23,1,3
14552,2017,22,1,4
15091,2017,23,1,1
15639,2017,25,1,3
16219,2017,24,2,7
2636,2018,32,1,3
3473,2018,28,1,1
5409,2018,31,1,3
6364,2018,33,1,1
6652,2018,31,1,4
7226,2018,27,3,11
7476,2018,31,1,7
7619,2018,34,1,1
8610,2018,35,1,4
10066,2018,27,1,8
10706,2018,30,1,5
10951,2018,28,1,3
12272,2018,28,3,10
12409,2018,28,1,3
13560,2018,26,2,13
13707,2018,25,2,12
14145,2018,24,1,3
14165,2018,24,1,14
14558,2018,22,1,2
14605,2018,31,1,3
14738,2018,25,1,1
15015,2018,23,1,15
15048,2018,26,1,4
15161,2018,27,1,4
15214,2018,26,2,4
16271,2018,25,1,4
17133,2018,25,1,2
17919,2018,23,1,4
13483,2018,26,13,45
7169,2014,30,7,35
16684,2017,24,6,36
13401,2014,23,10,33
6911,2016,31,7,54
12316,2018,27,10,49
4086,2014,28,7,28
3732,2015,31,4,24
9877,2014,27,12,22
15118,2018,26,15,69
3762,2014,29,16,65
12828,2017,27,15,66
12095,2014,23,8,36
10710,2014,27,1,19
6166,2016,33,3,21
14899,2017,25,5,20
13144,2014,24,15,37
3832,2016,32,3,15
10307,2014,23,30,136
5195,2015,26,2,19
9266,2018,27,2,18
16265,2018,25,4,20
5003,2017,30,11,45
12857,2016,25,10,44
12277,2017,29,13,60
11384,2016,26,29,119
11712,2014,25,6,26
1890,2014,25,2,44
13058,2018,26,3,11
99,2016,29,8,28
711,2018,31,2,15
12982,2015,22,11,40
10770,2016,26,20,116
7161,2014,25,20,90
11580,2016,28,3,14
4403,2018,38,3,12
17181,2018,25,10,35
4664,2015,31,19,83
11250,2014,25,10,50
1886,2016,33,10,22
14077,2015,26,7,24
15010,2015,23,48,209
7422,2014,25,2,14
9121,2016,26,4,14
11240,2015,27,3,22
17355,2017,25,19,81
13331,2016,25,3,24
10044,2017,29,3,22
13801,2017,26,6,29
10796,2017,30,46,166
5401,2016,28,10,127
9073,2014,27,37,156
17793,2018,24,22,81
2061,2014,35,27,124
6605,2014,25,14,74
13607,2015,23,5,19
36,2014,27,9,30
12027,2017,27,1,8
14986,2018,26,6,45
12863,2014,24,5,39
14552,2018,23,6,21
5980,2014,33,30,142
12555,2017,27,47,176
11752,2015,23,7,27
9904,2014,26,12,62
13339,2018,26,5,96
5595,2015,26,19,115
198,2014,28,2,10
559,2014,30,1,9
10337,2014,22,2,8
10591,2015,25,4,25
12801,2015,25,2,18
4359,2016,28,1,11
4403,2016,36,2,11
11691,2016,25,1,9
9121,2017,27,2,10
14527,2017,24,1,10
14996,2017,23,6,28
7042,2014,26,8,42
11012,2017,28,26,135
886,2014,29,3,64
10315,2014,24,25,87
6238,2017,29,5,26
9419,2018,30,17,47
13685,2015,23,7,26
14443,2014,33,15,64
11384,2015,25,36,155
17237,2017,25,22,137
10343,2016,28,21,62
10302,2014,26,3,24
10160,2018,27,2,25
8893,2014,26,3,28
17418,2016,22,3,29
13322,2018,26,7,30
9894,2015,28,21,77
7474,2016,30,18,76
7303,2014,26,10,43
10529,2016,27,26,98
12751,2017,27,7,99
11366,2018,29,1,10
5498,2014,23,5,22
14449,2017,28,4,23
9286,2018,31,6,25
5177,2015,28,2,10
16588,2016,23,8,36
4955,2015,27,61,362
15306,2018,27,20,99
15051,2017,24,21,87
16317,2018,25,2,32
5535,2015,32,18,56
12586,2017,27,13,109
6127,2014,26,16,62
15071,2018,26,5,34
12264,2015,25,8,37
15166,2018,21,9,82
13572,2017,26,10,81
13395,2016,25,3,15
15423,2016,25,1,25
2951,2018,30,2,14
13485,2016,23,12,47
18114,2018,25,6,25
7560,2015,30,5,18
14733,2018,25,13,45
12304,2016,27,5,133
10976,2015,27,28,97
11686,2018,27,8,66
17479,2017,21,6,94
11479,2015,24,20,143
10636,2016,25,8,37
15231,2017,24,4,63
1767,2015,34,5,114
12803,2017,26,11,49
14741,2016,26,1,13
10267,2017,30,5,21
7980,2014,25,3,18
5702,2015,30,3,18
15258,2017,25,3,19
15675,2014,27,6,29
3364,2016,32,1,9
14200,2017,26,9,30
17237,2016,24,15,59
9895,2014,27,4,58
7541,2017,32,4,33
15158,2018,26,3,21
7324,2017,34,6,22
13442,2017,26,16,93
13796,2015,24,3,67
8404,2014,29,6,38
15846,2016,24,2,18
16165,2017,23,3,21
4741,2014,29,7,32
8887,2016,31,8,30
7501,2017,32,19,63
11424,2015,25,4,73
10387,2018,27,14,72
14875,2017,25,9,86
18332,2018,24,3,13
13188,2016,23,1,13
11209,2014,23,6,49
13058,2017,25,22,83
5028,2014,28,4,36
9174,2015,25,3,56
16058,2017,25,8,62
8162,2014,30,10,49
4608,2014,34,2,14
9812,2018,30,3,16
16128,2017,24,9,38
15094,2017,25,4,62
17126,2018,26,6,21
14272,2015,24,1,19
11209,2018,27,2,25
11193,2014,24,7,24
10297,2018,29,3,36
2851,2015,27,12,84
14663,2016,24,3,62
7411,2014,27,6,30
319,2014,34,1,6
9866,2014,27,3,13
9926,2014,29,1,6
1101,2015,41,1,5
12253,2015,26,4,21
12277,2015,27,1,5
5559,2016,31,1,10
6677,2016,29,1,4
11241,2017,29,1,6
12774,2017,26,4,30
3298,2018,29,1,5
3395,2018,34,1,6
9794,2018,30,1,2
16219,2018,25,1,4
17432,2018,25,6,44
8007,2015,27,9,39
12056,2015,25,6,35
6399,2014,25,5,25
14139,2018,25,8,34
12042,2016,26,1,9
6109,2016,26,1,23
3411,2014,30,2,7
15033,2017,25,4,11
17586,2017,22,2,9
11716,2016,27,1,19
14444,2016,29,1,24
888,2016,31,3,10
14844,2016,25,5,16
7324,2016,33,2,13
8846,2017,30,6,31
18297,2018,27,13,57
12165,2015,25,11,44
13834,2016,24,3,19
11468,2015,23,1,24
10265,2014,26,1,13
10500,2017,29,1,10
12182,2017,27,1,13
14139,2017,24,2,12
11287,2018,30,2,10
12294,2018,27,2,12
15524,2018,23,1,10
16269,2018,25,1,16
1886,2014,31,3,3
13119,2017,27,1,6
14382,2017,25,8,9
2826,2017,28,2,8
17975,2018,24,1,8
7982,2017,29,2,31
18076,2018,24,5,48
13393,2016,25,5,48
16942,2018,22,2,18
10171,2018,28,7,38
5791,2016,28,2,20
2830,2014,26,1,6
8353,2014,27,1,6
8182,2015,27,1,2
12093,2016,27,1,6
14391,2016,21,2,17
19550,2018,25,1,7
5942,2018,30,2,7
9877,2016,29,2,15
7645,2014,30,2,15
15130,2017,23,2,14
10080,2014,25,2,14
5089,2016,29,1,7
5942,2017,29,1,7
13075,2017,35,1,6
13420,2017,26,1,3
13604,2015,25,2,13
14914,2016,24,2,11
4696,2014,28,2,5
11192,2017,28,1,8
11964,2017,27,1,10
12325,2018,28,1,8
15444,2018,26,1,4
1333,2016,29,2,6
3411,2018,34,1,6
9069,2018,31,2,4
9683,2018,35,2,10
15200,2017,25,2,12
13331,2017,26,1,5
1011,2015,37,33,598
13654,2017,25,24,566
14457,2017,27,22,463
12800,2018,28,69,353
2074,2016,36,38,231
4026,2018,30,49,460
16208,2015,22,20,197
8185,2015,30,16,310
9559,2017,32,24,299
1841,2017,33,16,339
6986,2017,32,30,655
17192,2018,24,14,223
5032,2014,33,70,265
6249,2016,28,50,284
18,2016,28,62,218
6983,2017,29,58,246
4971,2018,33,41,170
12183,2018,29,70,289
4141,2015,28,10,245
17002,2018,27,73,319
2038,2015,30,18,273
4732,2016,31,21,397
1137,2015,33,33,553
16164,2017,24,18,414
9674,2018,30,17,134
16507,2018,25,22,85
10481,2014,26,64,296
8073,2017,30,77,267
15684,2017,22,39,274
7312,2016,30,18,173
8268,2015,32,21,85
14371,2017,23,11,210
7836,2018,29,49,201
7146,2018,31,40,197
8302,2016,27,70,335
4020,2016,31,36,265
7841,2018,34,64,188
13435,2018,27,37,186
11388,2018,28,47,191
7608,2016,29,19,311
6819,2014,25,27,365
105,2015,36,9,216
15007,2018,25,36,165
7872,2017,30,12,238
10637,2018,31,17,54
7005,2014,25,25,122
8505,2014,28,25,101
3132,2016,31,70,272
4696,2015,29,19,72
7038,2014,26,70,241
11334,2016,28,30,187
11801,2018,27,53,242
11804,2015,26,32,170
9178,2016,26,14,110
2859,2014,28,47,274
10058,2015,24,5,102
12763,2018,27,50,196
11509,2016,27,15,74
7525,2015,29,54,238
15157,2017,25,14,90
4090,2017,33,65,263
11509,2015,26,39,151
8410,2017,28,19,105
9720,2016,30,61,211
718,2014,36,65,270
3237,2015,26,30,188
17695,2016,23,19,83
1247,2017,31,63,243
10258,2015,31,13,56
6415,2014,24,20,148
12545,2018,28,5,56
13799,2017,25,24,154
12854,2016,24,32,134
17313,2018,22,8,103
6166,2015,32,19,64
4168,2018,31,15,33
13287,2016,26,9,203
9895,2018,31,49,241
6902,2018,27,22,397
9926,2015,30,30,112
7385,2015,30,41,204
12691,2017,27,9,70
6653,2014,31,14,50
10620,2016,26,4,28
3220,2017,35,5,31
5746,2014,29,21,80
16419,2017,23,6,40
12675,2014,25,17,79
12781,2018,28,12,113
11387,2014,25,7,49
9904,2015,27,29,214
13761,2016,25,7,43
7738,2018,29,37,149
4020,2015,30,42,316
6248,2015,30,3,33
12182,2016,26,9,107
15928,2016,25,18,55
11604,2017,24,24,105
6869,2015,31,26,113
11394,2016,27,16,72
12220,2016,27,17,103
16507,2017,24,41,203
4259,2015,30,40,144
4053,2016,28,16,75
12857,2017,26,21,108
15007,2017,24,13,73
12638,2014,26,2,49
10174,2015,25,6,67
14379,2016,26,4,17
5177,2014,27,37,127
9901,2017,30,6,76
10498,2015,26,17,97
17282,2018,22,4,68
4363,2017,36,37,159
8580,2014,27,8,53
15231,2018,25,4,60
17277,2018,22,4,69
13360,2015,23,34,156
13415,2015,24,24,98
8501,2018,31,8,29
13580,2017,25,44,118
12277,2016,28,18,98
1918,2016,39,18,77
3993,2018,28,3,15
4684,2015,34,14,100
2895,2018,30,44,199
3254,2018,33,10,207
12264,2016,26,24,142
6317,2015,29,18,153
18029,2018,25,6,56
7655,2016,26,6,67
15240,2016,24,10,41
13453,2014,23,3,76
5551,2015,29,3,69
18820,2017,26,6,89
10534,2017,29,27,122
15006,2018,27,15,91
4920,2016,26,11,50
11121,2018,30,11,106
13133,2018,27,7,66
9013,2017,32,11,140
19374,2017,22,8,44
11928,2016,26,11,47
5746,2015,30,41,159
6562,2016,28,5,104
9419,2014,26,18,66
10302,2016,28,4,29
10171,2015,25,8,52
15046,2017,24,4,23
5231,2016,29,2,13
6035,2015,33,1,6
1159,2017,31,2,6
13801,2018,27,2,7
10265,2016,28,4,42
10962,2015,25,5,37
14677,2018,23,1,16
3243,2015,32,5,22
7758,2014,28,6,14
15006,2017,26,10,68
5744,2015,25,1,15
12093,2015,26,25,122
10835,2015,26,2,12
6832,2015,28,54,171
1483,2018,30,9,37
11681,2016,23,1,24
19277,2018,25,5,24
11743,2018,27,5,37
2047,2018,37,59,243
16727,2017,25,17,147
10315,2015,25,26,99
5535,2016,33,6,45
11686,2017,26,5,32
5960,2015,30,11,31
5830,2017,28,43,262
12515,2015,26,6,51
7882,2014,27,1,22
14860,2017,26,2,11
13293,2014,24,5,22
16348,2017,22,7,26
5669,2017,27,3,67
18684,2017,21,8,39
278,2014,38,35,128
5876,2015,27,35,176
10534,2016,28,9,39
3877,2014,25,2,17
11632,2014,25,6,43
8421,2015,27,1,10
6324,2016,30,2,12
2859,2018,32,1,23
14814,2016,25,14,131
13685,2016,24,27,128
13616,2018,25,9,44
4279,2014,31,53,164
1246,2018,32,21,108
3862,2017,28,9,34
13345,2017,25,10,160
8253,2014,30,1,27
15570,2018,26,1,21
10326,2015,27,2,17
14016,2017,27,20,90
16684,2018,25,15,79
4734,2015,31,14,73
773,2014,38,55,165
15089,2015,24,31,108
17754,2018,24,9,66
12972,2018,25,3,68
4359,2015,27,3,26
14391,2017,22,7,52
8368,2014,28,17,63
15215,2017,25,8,40
18114,2017,24,14,80
1368,2015,31,10,41
10307,2015,24,15,58
10811,2014,22,16,84
5172,2018,34,7,36
1855,2014,38,3,15
14665,2017,24,6,25
4420,2015,30,1,23
15157,2018,26,12,177
19757,2018,33,27,149
12962,2015,22,2,8
1776,2016,35,2,9
15089,2016,25,4,17
16687,2018,24,4,15
13475,2014,21,5,30
11867,2014,26,3,14
5028,2016,30,16,68
15101,2017,26,10,61
16513,2017,23,12,40
14974,2017,26,9,36
12555,2015,25,35,155
4086,2015,29,8,56
16017,2016,29,19,135
15688,2017,22,2,14
14338,2018,26,17,71
15684,2016,21,19,67
14165,2017,23,2,31
11397,2015,26,13,54
3950,2016,26,5,20
9780,2016,28,5,21
15458,2017,24,16,60
13528,2018,27,22,109
9919,2016,29,7,47
12249,2018,28,5,27
11506,2015,24,9,50
9137,2014,26,3,52
9939,2015,30,7,36
12232,2015,27,7,41
13360,2014,22,17,93
10386,2014,23,17,94
13394,2017,26,3,45
9926,2016,31,6,27
11827,2016,32,7,40
9489,2014,27,1,20
15964,2017,23,2,19
13932,2017,26,2,21
6127,2015,27,2,8
11506,2017,26,11,49
10265,2017,29,1,7
12371,2018,29,1,6
4759,2017,33,20,78
14699,2015,24,6,49
1345,2014,28,7,30
4090,2018,34,17,57
11261,2014,25,7,112
7677,2017,28,29,153
14764,2018,25,1,23
6329,2016,31,4,100
9943,2015,30,7,72
10075,2016,28,23,117
11928,2015,25,20,118
13339,2016,24,1,21
263,2014,31,1,14
8851,2015,28,2,39
11903,2015,22,5,38
5226,2014,26,1,29
11753,2017,25,8,29
1701,2015,36,22,196
8392,2018,31,2,15
10962,2017,27,5,77
18213,2018,24,3,38
12804,2017,24,20,153
14295,2016,24,10,39
15028,2017,24,6,39
6697,2017,30,15,87
12297,2016,26,15,79
3044,2014,28,1,17
7106,2014,23,2,47
7480,2014,28,1,7
11341,2014,24,1,4
2102,2015,34,1,4
4792,2015,31,1,11
7290,2015,28,1,6
9682,2015,32,2,10
10882,2016,27,1,4
15564,2016,25,1,4
2579,2017,38,1,7
10655,2017,27,1,4
11346,2017,28,1,9
13128,2017,26,2,18
15378,2017,26,1,20
8385,2018,31,2,8
10286,2018,28,2,13
10816,2018,29,1,6
11294,2018,29,1,5
12399,2018,28,1,6
14968,2018,24,2,8
5088,2016,30,5,16
16958,2018,25,3,11
13594,2018,25,4,63
12297,2017,27,6,38
8041,2017,34,8,34
3677,2016,31,7,29
14506,2016,23,8,64
16904,2018,29,3,43
10019,2014,27,5,28
17285,2018,22,3,14
12499,2017,28,2,23
13530,2017,24,6,32
13780,2016,25,7,25
6371,2014,27,2,11
12237,2015,25,2,8
14874,2017,25,11,35
15126,2016,21,3,12
16159,2017,23,11,36
12166,2016,27,10,55
7303,2015,27,5,35
12962,2016,23,5,28
9149,2017,27,3,30
11571,2014,23,5,30
4241,2014,29,2,13
10095,2014,31,3,13
14814,2014,23,4,46
9894,2016,29,4,25
1938,2014,31,2,28
8532,2015,29,4,30
12232,2016,28,2,16
5057,2016,30,2,20
12530,2014,24,11,38
9756,2016,28,2,12
15467,2015,23,1,16
12781,2017,27,2,19
5942,2015,27,2,11
7119,2016,26,1,11
5751,2018,27,3,19
11502,2016,24,2,15
7553,2014,32,1,3
10700,2018,29,1,3
8504,2015,28,5,15
3462,2014,30,1,9
10028,2017,25,4,25
1159,2018,32,3,17
10510,2017,27,5,24
12020,2014,24,4,19
14443,2015,34,2,8
14857,2016,25,5,16
5913,2014,23,1,6
1845,2015,34,1,6
10166,2015,24,1,7
5519,2016,26,1,5
7888,2016,29,1,7
10339,2017,27,1,7
15564,2017,26,1,5
5408,2018,29,1,5
10261,2018,34,1,8
10982,2018,29,1,6
10529,2018,29,4,14
9124,2014,27,1,17
16074,2018,25,2,10
12537,2015,25,8,53
11618,2014,25,2,16
10606,2015,26,1,14
1159,2014,28,1,7
14548,2018,24,1,7
1907,2017,33,1,2
11846,2017,29,1,5
6741,2014,25,4,12
9651,2014,25,1,9
14508,2017,23,2,15
2565,2014,28,3,10
12364,2015,26,1,7
13546,2018,25,1,14
15608,2018,26,1,8
4436,2014,27,2,11
7074,2014,27,2,9
12185,2015,22,1,8
6491,2014,26,1,8
4881,2018,32,1,5
2072,2017,38,1,12
7396,2016,30,33,551
12360,2016,27,60,253
10855,2015,24,59,251
9817,2014,31,64,230
3656,2018,35,62,268
7059,2017,35,21,516
16017,2015,28,34,547
1841,2016,32,21,373
9486,2015,30,73,284
4004,2014,29,40,122
4257,2014,29,46,258
8037,2016,28,18,314
12778,2017,27,16,313
8753,2015,28,40,467
10925,2017,29,13,230
1478,2014,26,21,364
979,2014,37,55,184
4064,2014,31,62,229
14771,2018,27,55,262
2141,2015,33,15,121
8844,2016,30,69,297
15101,2018,27,20,141
6204,2015,33,7,142
18,2014,26,30,122
9309,2017,29,23,72
11632,2015,26,22,106
3357,2014,30,43,360
15684,2018,23,63,376
6616,2014,28,10,42
4732,2014,29,15,374
12905,2017,27,4,47
6653,2016,33,44,155
5448,2016,32,62,282
11753,2015,23,16,237
10304,2015,25,14,296
12555,2014,24,13,280
6485,2014,32,61,223
8182,2014,26,19,145
2540,2014,26,35,107
14420,2018,24,29,183
4604,2014,34,35,158
11827,2015,31,31,129
8855,2018,31,19,76
5876,2016,28,40,182
5903,2014,29,45,148
15066,2018,27,22,125
4849,2017,36,51,195
6317,2014,28,34,202
16727,2016,24,7,126
10066,2015,24,33,129
4001,2016,25,52,204
1100,2015,35,6,25
13418,2016,25,25,123
8350,2018,31,28,88
18105,2018,24,18,87
15492,2018,23,7,122
535,2014,36,8,120
18790,2018,25,7,129
10481,2016,28,37,168
3397,2016,32,45,182
12235,2017,28,8,45
4664,2014,30,62,251
3840,2017,34,27,74
3265,2014,30,61,268
12143,2015,22,21,132
10586,2014,25,62,252
9243,2017,29,26,153
9975,2017,33,27,113
10586,2018,29,55,242
14605,2016,29,22,91
19261,2018,23,10,33
13293,2018,28,27,98
10962,2014,24,17,154
7525,2014,28,13,47
8490,2017,29,38,153
12042,2015,25,39,283
8501,2015,28,43,219
5365,2015,24,7,121
13403,2017,27,25,155
8302,2015,26,20,106
16218,2018,25,21,148
11691,2018,27,60,268
10160,2016,25,16,157
12361,2016,28,16,101
1726,2014,36,21,95
15690,2018,26,22,94
6499,2017,30,35,156
13774,2017,23,11,280
11457,2018,29,56,177
6984,2014,27,13,69
10075,2015,27,12,45
9460,2014,25,14,231
12675,2015,26,11,86
8180,2014,24,37,140
11137,2016,28,6,122
13649,2018,25,11,129
13424,2016,25,19,90
2080,2014,36,13,88
8245,2017,34,16,52
8504,2017,30,19,70
15285,2018,25,18,100
1837,2018,38,33,162
3273,2016,35,2,39
10925,2016,28,15,119
11334,2018,30,27,83
15267,2017,24,9,45
4420,2014,29,5,101
15463,2017,24,1,15
10387,2017,26,11,54
14672,2018,26,9,29
13313,2017,28,3,22
13323,2016,25,7,17
2134,2016,32,8,31
6244,2016,33,7,18
5200,2016,28,2,17
11157,2014,24,4,66
16132,2018,25,6,39
7853,2015,29,1,11
5231,2014,27,5,46
7416,2014,31,7,39
3164,2014,24,22,90
19614,2018,22,8,45
14470,2015,25,7,39
3959,2015,29,30,107
11440,2017,24,24,130
15203,2018,25,24,135
10039,2016,25,18,188
13048,2017,36,6,128
15542,2016,25,14,44
14974,2018,27,22,90
338,2014,25,1,16
3282,2014,26,7,45
19665,2018,22,4,28
16793,2018,25,4,18
4080,2017,32,8,20
7677,2018,29,47,180
5529,2014,25,28,138
9756,2018,30,4,62
13684,2017,24,7,76
13572,2018,27,4,35
17432,2016,23,8,147
12825,2016,27,22,276
11394,2017,28,6,38
5397,2014,26,8,33
11432,2015,26,5,51
10315,2017,27,16,97
16215,2015,22,7,29
16164,2018,25,5,102
10171,2014,24,8,49
14288,2018,27,8,53
5508,2015,31,10,18
10332,2014,26,10,57
8362,2015,29,2,51
5830,2018,29,8,40
8461,2017,30,16,136
7407,2016,30,7,30
1137,2016,34,11,81
7108,2016,31,15,102
15158,2017,25,10,122
10925,2018,30,3,57
8280,2017,33,46,165
12185,2018,25,9,65
7853,2016,30,6,85
3507,2015,26,14,89
8077,2014,27,1,27
16631,2018,26,4,77
15823,2018,22,8,101
3219,2014,26,8,61
718,2015,37,6,21
15036,2017,23,7,125
9059,2017,34,22,109
13818,2018,28,8,32
2951,2017,29,14,71
7624,2018,35,10,41
15627,2017,25,10,103
11387,2015,26,11,58
5285,2015,31,9,96
10946,2015,27,9,161
18135,2018,23,3,34
9167,2014,26,7,27
8493,2018,27,3,50
9244,2015,27,4,17
13331,2018,27,9,84
15285,2017,24,10,47
12321,2014,25,15,81
12499,2015,26,4,35
5595,2016,27,2,11
5905,2014,31,15,80
13119,2016,26,8,126
5746,2017,32,22,83
11294,2017,28,6,65
11652,2015,30,1,16
11528,2018,29,12,61
6109,2015,25,2,40
18311,2016,22,8,53
8536,2018,31,7,87
4257,2015,30,3,30
2430,2016,30,1,4
3448,2018,35,1,4
9948,2018,33,25,83
1984,2016,31,9,53
17425,2017,24,3,76
7541,2014,29,3,66
7411,2016,29,19,88
1793,2014,36,12,41
4053,2015,27,6,29
14832,2018,26,7,29
1793,2015,37,11,51
15949,2018,26,4,26
8992,2014,27,6,31
7525,2017,31,8,34
4227,2014,30,4,36
13606,2016,23,2,27
15451,2017,25,3,25
9261,2014,27,8,25
13807,2017,26,2,14
11050,2015,27,5,16
1933,2014,34,4,22
15761,2017,22,24,99
14470,2018,28,4,24
769,2015,38,2,35
12673,2016,27,3,41
6832,2016,29,7,44
9121,2015,25,4,73
5791,2015,27,10,81
13674,2017,27,2,32
14239,2014,25,4,8
14934,2017,25,1,19
12833,2015,25,2,15
5257,2017,27,3,22
10029,2016,25,11,54
15301,2016,27,2,16
8436,2014,27,3,19
9037,2018,30,2,10
14681,2017,24,2,24
16873,2018,25,3,16
10240,2016,27,1,11
6736,2014,28,2,18
9309,2018,30,4,27
7324,2018,35,2,15
18820,2018,27,2,6
12272,2014,24,2,24
1736,2018,35,1,11
10234,2014,27,60,272
8600,2017,35,63,330
9325,2014,28,63,256
1118,2014,30,39,624
15291,2018,26,45,413
12452,2018,28,46,231
8600,2014,32,53,354
9490,2017,29,61,295
11694,2018,26,18,342
10968,2017,29,30,531
739,2015,36,37,665
14508,2018,24,44,200
7624,2017,34,67,322
2063,2014,33,46,203
2882,2014,24,62,193
5401,2014,26,28,589
10133,2016,28,27,114
15846,2018,26,17,326
4026,2017,29,15,311
8110,2018,30,61,257
2886,2014,32,32,140
3950,2018,28,40,249
18064,2017,24,46,180
10946,2016,28,32,260
5057,2015,29,19,296
13211,2017,27,45,280
4079,2017,31,55,238
13677,2018,24,17,282
4662,2015,31,4,94
13453,2015,24,16,370
14168,2016,22,14,281
9286,2015,28,28,142
6865,2016,31,53,189
3281,2016,32,54,217
8992,2016,29,57,280
4530,2015,29,26,122
2267,2014,29,29,138
15570,2017,25,10,99
14470,2016,26,25,100
14844,2017,26,23,95
11240,2014,26,21,97
7267,2015,33,28,113
15136,2018,23,14,60
7550,2016,29,57,205
5985,2018,28,10,51
11754,2017,25,20,229
10855,2016,25,37,142
7385,2018,33,61,247
10066,2017,26,51,214
10688,2018,29,25,107
5257,2018,28,19,192
13594,2016,23,8,170
11121,2017,29,27,264
15463,2016,23,4,80
8410,2015,26,10,74
7550,2018,31,61,227
2951,2015,27,9,47
3237,2016,27,16,112
13758,2018,27,19,107
12890,2015,23,18,66
9325,2016,30,67,257
13974,2015,25,13,66
5843,2015,31,14,106
9286,2017,30,18,97
10620,2014,24,16,140
11203,2017,29,29,102
15232,2017,24,12,79
10285,2017,28,54,267
4782,2015,30,19,60
7466,2016,30,26,124
11193,2015,25,17,62
10835,2016,27,25,95
15267,2018,25,30,140
8011,2015,35,9,196
14093,2017,25,22,141
5525,2018,33,16,58
2332,2016,40,31,119
2743,2014,32,32,66
3282,2015,27,13,83
9901,2018,31,33,215
10558,2015,25,27,150
10843,2017,28,12,40
17877,2018,23,6,128
2134,2015,31,20,93
12790,2017,24,8,108
14510,2018,24,16,85
6109,2014,24,4,54
3599,2015,29,10,35
6883,2015,29,15,77
7593,2017,26,38,324
16977,2016,24,7,61
14962,2017,24,7,123
11776,2017,27,8,54
12361,2015,27,27,109
1776,2015,34,5,37
14532,2017,23,2,36
8223,2016,28,4,62
11769,2017,25,5,71
14239,2015,26,6,19
18694,2018,20,3,47
8402,2014,26,11,37
5028,2015,29,31,173
12800,2015,25,17,61
3164,2018,28,38,99
10386,2015,24,22,125
2692,2015,29,36,128
5861,2016,34,30,109
8337,2014,27,12,38
11712,2017,28,33,122
12756,2016,26,3,59
15046,2018,25,20,84
6176,2015,33,2,45
15423,2014,23,7,126
2413,2016,28,19,114
8246,2017,30,12,109
12297,2015,25,13,61
16727,2018,26,9,90
15684,2015,20,18,83
11861,2018,26,31,142
12800,2016,26,14,61
3815,2017,29,3,70
14812,2017,25,6,41
16344,2018,23,14,86
3292,2015,28,10,154
10297,2017,28,28,293
13143,2016,23,5,103
6612,2018,32,23,57
12781,2016,26,14,79
15232,2016,23,10,230
6027,2015,26,16,117
16208,2018,25,5,103
17536,2018,24,8,44
13470,2018,24,9,77
3196,2017,38,14,148
17874,2018,23,4,26
12360,2017,28,20,125
12220,2015,26,18,57
12760,2016,25,9,93
9654,2017,28,5,37
15853,2017,24,15,86
10528,2016,28,6,48
13763,2015,23,13,74
10285,2018,29,8,38
15964,2018,24,4,48
10587,2014,25,21,127
8302,2018,29,2,33
11543,2016,27,6,36
13804,2018,24,4,76
3970,2017,33,5,30
18854,2018,25,13,97
5556,2014,28,2,50
10197,2018,27,5,79
2540,2015,27,1,16
12360,2018,29,10,45
5530,2017,27,10,89
14033,2017,27,4,39
13427,2016,25,17,91
8504,2018,31,9,26
11440,2018,25,7,36
1953,2014,36,8,19
7024,2018,34,3,66
19256,2018,23,5,25
739,2016,37,2,48
13896,2018,23,4,40
5362,2015,26,1,23
13549,2017,27,5,31
13736,2016,26,1,22
10302,2017,29,3,38
12669,2015,25,4,31
4089,2016,30,7,27
5362,2014,25,5,35
7458,2014,32,2,16
10185,2018,27,5,46
13485,2014,21,2,10
10472,2018,26,1,4
8011,2014,34,32,763
11801,2017,26,46,247
10558,2014,24,57,296
5088,2014,28,38,646
7731,2014,27,33,409
3299,2016,31,37,181
4064,2015,32,55,209
15158,2016,24,13,306
4338,2018,28,24,486
14843,2015,23,27,515
10657,2015,23,17,95
7161,2016,27,46,158
10855,2018,27,60,235
2332,2015,39,33,121
10133,2018,30,60,235
11827,2014,30,30,114
3299,2018,33,34,167
12863,2015,25,32,199
14371,2016,22,10,237
17018,2018,24,14,233
12586,2015,25,12,204
11528,2017,28,54,201
12828,2018,28,33,181
10171,2017,27,68,258
13042,2017,27,57,141
7293,2018,38,82,305
9059,2014,31,62,243
5032,2015,34,38,158
2267,2015,30,63,245
9486,2018,33,28,116
9419,2015,27,33,118
16532,2018,26,35,185
10185,2017,26,18,170
11426,2018,29,26,344
13946,2018,27,22,118
5525,2014,29,35,116
17775,2018,22,9,190
14374,2017,23,15,305
1994,2014,27,4,96
8501,2016,29,35,158
11387,2016,27,27,160
1663,2014,36,65,167
1797,2015,35,68,269
5861,2017,35,46,166
1902,2015,33,33,129
9286,2014,27,12,72
9037,2014,26,54,275
13322,2017,25,28,121
14741,2015,25,11,65
16877,2016,23,24,86
11720,2017,28,50,232
12095,2018,27,25,101
11487,2017,25,26,134
15100,2016,24,10,40
5164,2014,31,10,85
15126,2018,23,7,31
7416,2016,33,54,224
10337,2016,24,25,116
12699,2018,27,6,107
15514,2018,27,7,158
7608,2017,30,17,221
16318,2017,23,25,147
11266,2017,27,10,172
2141,2016,34,6,38
13736,2014,24,7,60
5279,2018,30,7,137
7080,2014,29,5,21
11502,2018,26,5,36
15451,2016,24,4,35
10688,2015,26,24,151
1483,2015,27,22,75
4891,2018,39,39,129
7952,2014,32,13,63
15603,2017,25,19,108
16309,2018,25,10,44
5109,2014,31,23,107
15947,2017,25,21,95
14867,2018,26,13,77
7466,2018,32,29,116
14139,2015,22,9,41
11137,2017,29,11,196
13763,2016,24,25,131
16684,2016,23,21,67
12982,2016,23,9,32
13685,2018,26,12,58
2540,2016,28,9,197
4858,2015,27,17,74
13346,2018,27,14,38
13042,2018,28,9,40
14776,2017,27,11,62
10267,2014,27,8,111
17664,2018,25,15,84
13560,2015,23,7,138
14382,2014,22,14,92
9149,2016,26,3,54
7303,2018,30,8,52
4257,2016,31,2,32
4001,2018,27,8,61
12537,2017,27,6,46
4741,2015,30,5,24
8855,2015,28,9,54
10314,2016,26,64,378
9029,2016,28,58,277
8268,2016,33,64,290
13211,2018,28,31,158
10267,2015,28,42,176
3507,2014,25,18,312
3840,2015,32,71,255
3970,2015,31,49,194
9033,2017,29,18,100
9033,2014,26,44,270
3220,2015,33,59,257
16933,2018,23,32,284
11479,2018,27,16,337
12730,2016,25,12,179
4732,2015,30,13,271
17237,2018,26,33,162
10732,2018,27,16,199
12182,2015,25,25,141
18311,2018,24,9,164
10387,2016,25,13,58
16258,2017,23,30,91
5178,2015,29,22,100
8678,2014,32,30,311
11571,2016,25,34,155
11716,2017,28,4,80
10314,2014,24,17,338
5722,2014,29,25,135
10185,2016,25,18,122
2642,2015,39,23,87
12784,2018,28,38,358
6432,2015,33,18,100
4079,2018,32,31,134
8185,2017,32,5,114
11720,2018,29,21,83
10234,2016,29,24,74
10291,2015,27,32,128
13418,2018,27,20,148
5876,2014,26,25,133
10066,2014,23,45,154
13424,2017,26,24,145
7450,2018,32,23,152
9303,2015,29,6,59
15051,2016,23,26,119
15551,2018,27,20,123
3200,2018,35,5,114
2790,2014,31,15,66
14470,2017,27,14,80
4734,2014,30,26,106
7312,2017,31,11,87
8421,2017,29,4,74
5508,2016,32,33,119
13401,2015,24,21,100
944,2015,37,3,37
9674,2017,29,12,77
11752,2016,24,8,62
3926,2017,33,10,62
17734,2018,23,9,59
8844,2017,31,9,52
17610,2018,25,8,45
1642,2014,32,69,268
9794,2014,26,74,273
13194,2018,28,50,328
11467,2018,26,32,221
9884,2017,30,39,436
9939,2014,29,64,239
9654,2016,27,41,201
3357,2016,32,16,212
8258,2016,32,26,105
4994,2015,29,62,205
521,2017,40,46,184
10314,2018,28,10,202
14934,2016,24,15,324
1701,2016,37,16,106
13713,2018,28,61,245
5213,2014,28,49,200
5861,2014,32,29,110
9720,2014,28,31,154
6570,2017,31,27,334
7183,2014,28,13,59
8600,2015,33,14,118
12790,2016,23,5,103
17233,2017,26,42,219
15440,2015,24,13,252
17697,2018,24,20,130
7960,2016,32,14,69
4363,2015,34,45,280
11663,2015,24,21,121
12165,2014,24,37,148
8037,2014,26,13,118
6475,2018,33,21,77
7677,2016,27,18,107
15474,2016,21,6,101
6527,2014,27,23,98
14814,2015,24,14,186
5203,2014,30,5,119
11604,2018,25,25,119
3777,2014,30,4,103
4424,2016,29,29,546
3656,2014,31,54,263
12905,2016,26,35,406
978,2017,40,14,322
18,2017,29,49,196
4138,2016,32,51,321
1642,2017,35,28,118
5705,2016,32,9,200
1663,2016,38,68,118
5702,2017,32,21,314
9137,2015,27,13,328
2660,2018,31,40,157
14309,2017,24,23,152
15423,2017,26,5,101
18815,2017,22,31,192
9073,2015,28,20,92
7038,2015,27,39,154
8887,2015,30,18,62
11596,2018,29,21,177
4366,2014,33,14,215
2646,2016,29,8,53
2072,2015,36,30,664
494,2015,38,68,277
13420,2018,27,19,360
11424,2014,24,7,170
11710,2017,29,55,260
15239,2018,27,23,126
10261,2015,31,64,277
13911,2015,25,64,259
13896,2017,22,14,233
979,2015,38,53,196
7725,2017,25,37,272
7725,2014,22,7,137
13453,2018,27,30,228
6475,2016,31,58,224
4300,2016,33,58,237
2237,2018,36,21,109
8280,2016,32,60,195
3993,2015,25,9,142
5178,2014,28,48,184
11424,2016,26,9,151
2586,2014,35,6,125
4878,2018,27,37,160
13849,2016,24,5,105
4141,2017,30,29,626
6230,2015,30,27,629
11713,2017,28,19,431
4300,2018,35,34,157
4064,2018,35,48,181
583,2015,36,52,163
11378,2016,23,14,237
4363,2014,33,60,260
9975,2016,32,50,209
3926,2016,32,39,169
2859,2015,29,41,288
7725,2015,23,6,136
5279,2017,29,24,444
15627,2016,24,7,128
36,2017,30,9,21
9037,2016,28,18,97
13144,2015,25,40,173
8402,2016,28,27,112
4544,2017,36,14,250
12520,2016,26,6,146
10149,2014,27,67,244
7059,2016,34,33,822
3855,2016,26,37,321
5203,2017,33,34,546
2155,2016,35,15,298
7982,2014,26,21,119
4235,2017,34,9,191
7773,2017,33,33,121
14375,2017,25,16,321
14825,2017,25,18,309
3196,2016,37,34,406
13418,2017,26,57,294
11528,2016,27,59,159
18282,2018,25,29,278
9388,2018,33,32,321
